objSecuencia;modSecuencia;objCodigo;objDescripcion;objUsuario;objFecha;objEstado;objFuncion;objRefMenu;objTypeObj
7;9;ABGT;Address Book Generic Text;10;2008-07-11 16:10:00;1;NULL;NULL;21
8;17;ACCGT;Accounts Generic Text;10;2008-07-11 16:10:00;1;NULL;NULL;21
9;17;ALDOCGT;Account Ledger Generic Text;10;2008-07-11 16:10:00;1;NULL;NULL;21
10;8;B0000002;Validate Ledger Type Options;10;2008-07-11 16:10:00;1;NULL;NULL;25
11;8;B0000003;Get F0011 Batch Header Info;10;2008-07-11 16:10:00;1;NULL;NULL;25
12;8;B0000004;Batch - Open On Initialization;10;2008-07-11 16:10:00;1;NULL;NULL;25
13;8;B0000006;Concatenate Object Subsidiary;10;2008-07-11 16:10:00;1;NULL;NULL;25
14;8;B0000007;Batch - Revise On Transaction Commitment;10;2008-07-11 16:10:00;1;NULL;NULL;25
15;8;B0000008;Batch - Revise On Exit;10;2008-07-11 16:10:00;1;NULL;NULL;25
16;8;B0000009;Get Next Journal Entry Line Number;10;2008-07-11 16:10:00;1;NULL;NULL;25
17;8;B0000011;Edit Fiscal Dates;10;2008-07-11 16:10:00;1;NULL;NULL;25
18;8;B0000012;Get Batch Type Constants;10;2008-07-11 16:10:00;1;NULL;NULL;25
19;8;B0000013;Validate Intercompany Account;10;2008-07-11 16:10:00;1;NULL;NULL;25
20;8;B0000015;Validate - Delete Business Unit;10;2008-07-11 16:10:00;1;NULL;NULL;25
21;8;B0000016;Batches - Update Batch Approval;10;2008-07-11 16:10:00;1;NULL;NULL;25
22;8;B0000018;Validate Date Pattern Deletion;10;2008-07-11 16:10:00;1;NULL;NULL;25
23;8;B0000019;Calculate Tax Authority Tax Amts;10;2008-07-11 16:10:00;1;NULL;NULL;25
24;8;B0000020;Update Bank Account/Vendor Number(F0030W);10;2008-07-11 16:10:00;1;NULL;NULL;25
25;8;B0000021;Format Subledger;10;2008-07-11 16:10:00;1;NULL;NULL;25
26;8;B0000022;Validate Date Pattern;10;2008-07-11 16:10:00;1;NULL;NULL;25
27;8;B0000023;Intercompany Settlements +;10;2008-07-11 16:10:00;1;NULL;NULL;25
28;8;B0000025;Calculate Tax Rate;10;2008-07-11 16:10:00;1;NULL;NULL;25
29;8;B0000026;Edit Exchange Rate Tolerance;10;2008-07-11 16:10:00;1;NULL;NULL;25
30;8;B0000027;CurrencyConvForAndDom;10;2008-07-11 16:10:00;1;NULL;NULL;25
31;8;B0000028;CurrencyConvSftRound;10;2008-07-11 16:10:00;1;NULL;NULL;25
32;8;B0000032;RetrieveCurrencyConvFlag;10;2008-07-11 16:10:00;1;NULL;NULL;25
33;8;B0000033;Get Exchange Rate;10;2008-07-11 16:10:00;1;NULL;NULL;25
34;8;B0000034;Concatenate Object and Subsidiary;10;2008-07-11 16:10:00;1;NULL;NULL;25
35;8;B0000035;Compare Object/Subsidiary String;10;2008-07-11 16:10:00;1;NULL;NULL;25
36;8;B0000036;Eff  Date for Curr Rate LT Curr Period;10;2008-07-11 16:10:00;1;NULL;NULL;25
37;8;B0000037;Retrieve Account Currency;10;2008-07-11 16:10:00;1;NULL;NULL;25
38;8;B0000041;Return Period End Dates;10;2008-07-11 16:10:00;1;NULL;NULL;25
39;8;B0000042;Batches;10;2008-07-11 16:10:00;1;NULL;NULL;25
40;8;B0000044;Get Annual Close Ledger Rules;10;2008-07-11 16:10:00;1;NULL;NULL;25
41;8;B0000045;Convert Math Numeric to String;10;2008-07-11 16:10:00;1;NULL;NULL;25
42;8;B0000046;Validate AAI;10;2008-07-11 16:10:00;1;NULL;NULL;25
43;8;B0000047;Retrieve Company Address;10;2008-07-11 16:10:00;1;NULL;NULL;25
44;8;B0000048;Convert Character to Integer;10;2008-07-11 16:10:00;1;NULL;NULL;25
45;8;B0000049;Convert Character to Math Numeric;10;2008-07-11 16:10:00;1;NULL;NULL;25
46;8;B0000050;Calculate Recurring Date;10;2008-07-11 16:10:00;1;NULL;NULL;25
47;8;B0000051;Get Company Name;10;2008-07-11 16:10:00;1;NULL;NULL;25
48;8;B0000055;ValidateAAICompletely;10;2008-07-11 16:10:00;1;NULL;NULL;25
49;8;B0000056;Check EDI Successfully Process;10;2008-07-11 16:10:00;1;NULL;NULL;25
50;8;B0000057;Update AP Post Status;10;2008-07-11 16:10:00;1;NULL;NULL;25
51;8;B0000058;Verify Next Number Fiscal Year;10;2008-07-11 16:10:00;1;NULL;NULL;25
52;8;B0000059;RetrieveCoFiscalPtnCode;10;2008-07-11 16:10:00;1;NULL;NULL;25
53;8;B0000060;Verify Company in Next Number;10;2008-07-11 16:10:00;1;NULL;NULL;25
54;8;B0000062;Accounts Payable Payment Pre Post;10;2008-07-11 16:10:00;1;NULL;NULL;25
55;8;B0000063;Is Column Key Company;10;2008-07-11 16:10:00;1;NULL;NULL;25
56;8;B0000064;Clear Variable Numerator Work File;10;2008-07-11 16:10:00;1;NULL;NULL;25
57;8;B0000067;Retrieve Company Business Unit Type;10;2008-07-11 16:10:00;1;NULL;NULL;25
58;8;B0000068;Delete F09UI005 Records;10;2008-07-11 16:10:00;1;NULL;NULL;25
59;8;B0000069;Retrieve Ledger Type Currency;10;2008-07-11 16:10:00;1;NULL;NULL;25
60;8;B0000070;Retrieve Zero Company AAI;10;2008-07-11 16:10:00;1;NULL;NULL;25
61;8;B0000071;Get Tax Rates Processing Options;10;2008-07-11 16:10:00;1;NULL;NULL;25
62;8;B0000072;Batch To Detail;10;2008-07-11 16:10:00;1;NULL;NULL;25
63;8;B0000073;Delete F09UI006 Records;10;2008-07-11 16:10:00;1;NULL;NULL;25
64;8;B0000075;Update Batch Transaction File;10;2008-07-11 16:10:00;1;NULL;NULL;25
65;8;B0000076;Delete Batch Header;10;2008-07-11 16:10:00;1;NULL;NULL;25
66;8;B0000078;Format User Date;10;2008-07-11 16:10:00;1;NULL;NULL;25
67;8;B0000080;Update A/R Post Status Flags;10;2008-07-11 16:10:00;1;NULL;NULL;25
68;8;B0000083;Convert Math Numeric to String with Left Zero Pad;10;2008-07-11 16:10:00;1;NULL;NULL;25
69;8;B0000086;F0008B  Edit 52 Periods;10;2008-07-11 16:10:00;1;NULL;NULL;25
70;8;B0000091;F0012D Get AAI Translation;10;2008-07-11 16:10:00;1;NULL;NULL;25
71;8;B0000092;Batch Type Information;10;2008-07-11 16:10:00;1;NULL;NULL;25
72;8;B0000094;F0018 Update Sales/Use/Vat Tax;10;2008-07-11 16:10:00;1;NULL;NULL;25
73;8;B0000095;Format Company Number;10;2008-07-11 16:10:00;1;NULL;NULL;25
74;8;B0000096;Update Transmission Date;10;2008-07-11 16:10:00;1;NULL;NULL;25
75;8;B0000098;Validate Post Edit Code;10;2008-07-11 16:10:00;1;NULL;NULL;25
76;8;B0000099;F0010 Validate Delete Company;10;2008-07-11 16:10:00;1;NULL;NULL;25
77;8;B0000102;AICU, Get Display Decimal Value from DD;10;2008-07-11 16:10:00;1;NULL;NULL;25
78;8;B0000103;F0012D Update AAI Translation;10;2008-07-11 16:10:00;1;NULL;NULL;25
79;8;B0000104;F0012D Edit AAI Translation;10;2008-07-11 16:10:00;1;NULL;NULL;25
80;8;B0000105;F0006D Update Business Unit Translation;10;2008-07-11 16:10:00;1;NULL;NULL;25
81;8;B0000106;F0006D Get Business Unit Translation;10;2008-07-11 16:10:00;1;NULL;NULL;25
82;8;B0000107;F0006D Edit Business Unit Translation;10;2008-07-11 16:10:00;1;NULL;NULL;25
83;8;B0000108;Post Edit Code Edit;10;2008-07-11 16:10:00;1;NULL;NULL;25
84;8;B0000111;Is JE In Balance;10;2008-07-11 16:10:00;1;NULL;NULL;25
85;8;B0000112;Is Voucher Journal Entry In Balance;10;2008-07-11 16:10:00;1;NULL;NULL;25
86;8;B0000113;Currency Codes Set;10;2008-07-11 16:10:00;1;NULL;NULL;25
87;8;B0000115;AAI Range Of Accounts +;10;2008-07-11 16:10:00;1;NULL;NULL;25
88;8;B0000117;Post Multiple Batches - Subsystem;10;2008-07-11 16:10:00;1;NULL;NULL;25
89;8;B0000118;F0901 - Get Alternative Description;10;2008-07-11 16:10:00;1;NULL;NULL;25
90;8;B0000122;Post To F0902;10;2008-07-11 16:10:00;1;NULL;NULL;25
91;8;B0000124;Format Units Ledger Type;10;2008-07-11 16:10:00;1;NULL;NULL;25
92;8;B0000125;Accumulate Amount;10;2008-07-11 16:10:00;1;NULL;NULL;25
93;8;B0000126;Retrieve System Constants - G/L;10;2008-07-11 16:10:00;1;NULL;NULL;25
94;8;B0000127;Return todays date in JDEDATE format;10;2008-07-11 16:10:00;1;NULL;NULL;25
95;8;B0000128;Retrieve Company Currency Code;10;2008-07-11 16:10:00;1;NULL;NULL;25
96;8;B0000129;Retrieve Currency Decimals;10;2008-07-11 16:10:00;1;NULL;NULL;25
97;8;B0000130;Retrieve Company From Business Unit;10;2008-07-11 16:10:00;1;NULL;NULL;25
98;8;B0000131;Retrieve Currency Conversion;10;2008-07-11 16:10:00;1;NULL;NULL;25
99;8;B0000132;Update Currency Conversion;10;2008-07-11 16:10:00;1;NULL;NULL;25
100;8;B0000133;Validate Transaction Currency Code;10;2008-07-11 16:10:00;1;NULL;NULL;25
101;8;B0000138;Accumulate Total Amount;10;2008-07-11 16:10:00;1;NULL;NULL;25
102;8;B0000139;Calculate Remaining Amount Total;10;2008-07-11 16:10:00;1;NULL;NULL;25
103;8;B0000140;Edit Tax Rate/Area;10;2008-07-11 16:10:00;1;NULL;NULL;25
104;8;B0000141;Transaction Control Store and Forward;10;2008-07-11 16:10:00;1;NULL;NULL;25
105;8;B0000143;Change Date;10;2008-07-11 16:10:00;1;NULL;NULL;25
106;8;B0000145;Validate Amount or Unit Ledger Type;10;2008-07-11 16:10:00;1;NULL;NULL;25
107;8;B0000148;Get User Language Preference;10;2008-07-11 16:10:00;1;NULL;NULL;25
108;8;B0000149;Is Date A Work Date;10;2008-07-11 16:10:00;1;NULL;NULL;25
109;8;B0000150;Advance Work Days;10;2008-07-11 16:10:00;1;NULL;NULL;25
110;8;B0000154;Retrieve Correct Century;10;2008-07-11 16:10:00;1;NULL;NULL;25
111;8;B0000156;Edit String for Period or Date;10;2008-07-11 16:10:00;1;NULL;NULL;25
112;8;B0000157;Post By Currency Determine;10;2008-07-11 16:10:00;1;NULL;NULL;25
113;8;B0000159;Edit Duplicate G/L Bank Accounts;10;2008-07-11 16:10:00;1;NULL;NULL;25
114;8;B0000163;Calculate Advanced Payment Terms Due Date;10;2008-07-11 16:10:00;1;NULL;NULL;25
115;8;B0000164;Currency Decimals;10;2008-07-11 16:10:00;1;NULL;NULL;25
116;8;B0000165;WildCard Number of Elements Count;10;2008-07-11 16:10:00;1;NULL;NULL;25
117;8;B0000166;WildCard Filter Compare;10;2008-07-11 16:10:00;1;NULL;NULL;25
118;8;B0000167;F0008 Get Date Pattern Record;10;2008-07-11 16:10:00;1;NULL;NULL;25
119;8;B0000168;F70UI001 Delete Work File Detail;10;2008-07-11 16:10:00;1;NULL;NULL;25
120;8;B0000169;F4008 Edit Tax Rate Effective Dates;10;2008-07-11 16:10:00;1;NULL;NULL;25
121;8;B0000170;BalanceConvertedPayItems;10;2008-07-11 16:10:00;1;NULL;NULL;25
122;8;B0000171;Decrement Date One Month;10;2008-07-11 16:10:00;1;NULL;NULL;25
123;8;B0000172;F00151 Get Conversion Method;10;2008-07-11 16:10:00;1;NULL;NULL;25
124;8;B0000173;Determine Date, Conversion Method and Rates;10;2008-07-11 16:10:00;1;NULL;NULL;25
125;8;B0000175;Get Next Transaction Number;10;2008-07-11 16:10:00;1;NULL;NULL;25
126;8;B0000176;Add Transaction To Subsystem Queue;10;2008-07-11 16:10:00;1;NULL;NULL;25
127;8;B0000178;Interoperability, Launch Vendor-Specific UBE;10;2008-07-11 16:10:00;1;NULL;NULL;25
128;8;B0000182;Initialize Environment for Vendor Business Functions;10;2008-07-11 16:10:00;1;NULL;NULL;25
129;8;B0000183;Free Environment for Vendor Business Function;10;2008-07-11 16:10:00;1;NULL;NULL;25
130;8;B0000184;Zero Trim Pay Type;10;2008-07-11 16:10:00;1;NULL;NULL;25
131;8;B0000185;Zero Pad Pay Type;10;2008-07-11 16:10:00;1;NULL;NULL;25
132;8;B0000186;Parent Child Business Units +;10;2008-07-11 16:10:00;1;NULL;NULL;25
133;8;B0000190;Math Divide Controlled by User;10;2008-07-11 16:10:00;1;NULL;NULL;25
134;8;B0000192;Call Vendor-Specific Function;10;2008-07-11 16:10:00;1;NULL;NULL;25
135;8;B0000193;Increment-Decrement Numeric Character (0-9);10;2008-07-11 16:10:00;1;NULL;NULL;25
136;8;B0000194;Update Unedited Transaction Table As Processed;10;2008-07-11 16:10:00;1;NULL;NULL;25
137;8;B0000195;Maintain Processing Log Table;10;2008-07-11 16:10:00;1;NULL;NULL;25
138;8;B0000196;Use Report Data Selection;10;2008-07-11 16:10:00;1;NULL;NULL;25
139;8;B0000197;MathNumeric Structure Conversion;10;2008-07-11 16:10:00;1;NULL;NULL;25
140;8;B0000198;Set Currency Code and Decimals;10;2008-07-11 16:10:00;1;NULL;NULL;25
141;8;B0000200;Date/Numeric Conversion Routine;10;2008-07-11 16:10:00;1;NULL;NULL;25
142;8;B0000202;Rename Table;10;2008-07-11 16:10:00;1;NULL;NULL;25
143;8;B0000203;F0006 Update Bus. Unit Category Codes from Address Book;10;2008-07-11 16:10:00;1;NULL;NULL;25
144;8;B0000204;F0004 Validate UDC Value;10;2008-07-11 16:10:00;1;NULL;NULL;25
145;8;B0000205;F0030 Get Bank Transit Information;10;2008-07-11 16:10:00;1;NULL;NULL;25
146;8;B0000206;AA, Get Display Decimal Value from DD;10;2008-07-11 16:10:00;1;NULL;NULL;25
147;8;B0000208;Create Tax Reconciliation File;10;2008-07-11 16:10:00;1;NULL;NULL;25
148;8;B0000209;Tax Cache Store Amounts;10;2008-07-11 16:10:00;1;NULL;NULL;25
149;8;B0000283;Calculate Discount Amount No Tax;10;2008-07-11 16:10:00;1;NULL;NULL;25
150;8;B0000284;Default Discount Taken to Discount Avail;10;2008-07-11 16:10:00;1;NULL;NULL;25
151;8;B0000285;Swiss - Calculate Modulo 10 Check Digit;10;2008-07-11 16:10:00;1;NULL;NULL;25
152;8;B0000302;StringWithinEBCDICRange;10;2008-07-11 16:10:00;1;NULL;NULL;25
153;8;B0000307;Purge Tax Authority Work Files;10;2008-07-11 16:10:00;1;NULL;NULL;25
154;8;B0000310;Company Real Time Notification Outbound Wrapper;10;2008-07-11 16:10:00;1;NULL;NULL;25
155;8;B0000323;Retrieve Budget Amount;10;2008-07-11 16:10:00;1;NULL;NULL;25
156;8;B0000378;Is Column In Ledger Type Table;10;2008-07-11 16:10:00;1;NULL;NULL;25
157;8;B0000399;Currency Decimal Shift;10;2008-07-11 16:10:00;1;NULL;NULL;25
158;8;B0000400;F20112 Split Charges Cache;10;2008-07-11 16:10:00;1;NULL;NULL;25
159;8;B0000500;Algebraic Expression Calculate;10;2008-07-11 16:10:00;1;NULL;NULL;25
160;8;B0000501;Algebraic Expression Builder;10;2008-07-11 16:10:00;1;NULL;NULL;25
161;8;B0000560;Convert Integer to Math Numeric;10;2008-07-11 16:10:00;1;NULL;NULL;25
162;8;B0000564;Get Internal Next Number;10;2008-07-11 16:10:00;1;NULL;NULL;25
163;8;B0000580;Convert String to Math Numeric;10;2008-07-11 16:10:00;1;NULL;NULL;25
164;8;B0000590;Check String is Numeric;10;2008-07-11 16:10:00;1;NULL;NULL;25
165;8;B0000600;F0006 Business Unit Real Time Event Notification;10;2008-07-11 16:10:00;1;NULL;NULL;25
166;8;B0000603;Set Reservation Text Substitution Error;10;2008-07-11 16:10:00;1;NULL;NULL;25
167;8;B0000605;Math Numeric Round Scientific;10;2008-07-11 16:10:00;1;NULL;NULL;25
168;8;B0000700;Parse UDC Code SY|RT|KY;10;2008-07-11 16:10:00;1;NULL;NULL;25
169;8;B0000710;Determine XPI Currency Exchange Rates;10;2008-07-11 16:10:00;1;NULL;NULL;25
170;8;B0000890;Online Support P00890 - Business Functions;10;2008-07-11 16:10:00;1;NULL;NULL;25
171;8;B0000950;Hyper Exit / Tab Exit Security;10;2008-07-11 16:10:00;1;NULL;NULL;25
172;8;B0000951;Strip Out Path;10;2008-07-11 16:10:00;1;NULL;NULL;25
173;8;B0000952;Get Prepayment Authorization;10;2008-07-11 16:10:00;1;NULL;NULL;25
174;8;B0000953;Check Credit Card Number;10;2008-07-11 16:10:00;1;NULL;NULL;25
175;8;B0000954;Cache Process Prepayment Records;10;2008-07-11 16:10:00;1;NULL;NULL;25
176;8;B0000955;CallThirdPartyAuthorization;10;2008-07-11 16:10:00;1;NULL;NULL;25
177;8;B0000956;CallThirdPartySettlement;10;2008-07-11 16:10:00;1;NULL;NULL;25
178;8;B0000957;Call to JDB_SetRequestTriggerOption;10;2008-07-11 16:10:00;1;NULL;NULL;25
179;8;B0000958;Set Currency Trigger by User;10;2008-07-11 16:10:00;1;NULL;NULL;25
180;8;B0000959;Void Prepayment Transaction;10;2008-07-11 16:10:00;1;NULL;NULL;25
181;8;B0001000;Get Prepayment Settlement;10;2008-07-11 16:10:00;1;NULL;NULL;25
182;8;B0001001;Call Additional Purge Program;10;2008-07-11 16:10:00;1;NULL;NULL;25
183;8;B0001002;Copy Text to Text File;10;2008-07-11 16:10:00;1;NULL;NULL;25
184;8;B0001003;Import Text to Text Processor;10;2008-07-11 16:10:00;1;NULL;NULL;25
185;8;B0001010;Next Number Range Retrieval;10;2008-07-11 16:10:00;1;NULL;NULL;25
186;8;B0001011;F0002 Get Use Description;10;2008-07-11 16:10:00;1;NULL;NULL;25
187;8;B0001020;Allow Next Number Entry;10;2008-07-11 16:10:00;1;NULL;NULL;25
188;8;B0001030;Distributed Next Number Retrieval;10;2008-07-11 16:10:00;1;NULL;NULL;25
189;8;B0001040;ADG Retrieve Media Object Generic Key;10;2008-07-11 16:10:00;1;NULL;NULL;25
190;8;B0001050;Generate Text Substitution Tags;10;2008-07-11 16:10:00;1;NULL;NULL;25
191;8;B0001060;Retrieve Process and Transaction IDs;10;2008-07-11 16:10:00;1;NULL;NULL;25
192;8;B0001070;Get Detached Mode Flag;10;2008-07-11 16:10:00;1;NULL;NULL;25
193;8;B0001100;Get Exchange Rate With Environment;10;2008-07-11 16:10:00;1;NULL;NULL;25
194;8;B0001200;Ledger Type Text Substitution;10;2008-07-11 16:10:00;1;NULL;NULL;25
195;8;B0001201;IBAN Validation;10;2008-07-11 16:10:00;1;NULL;NULL;25
196;8;B0001210;Format Amount for International Payment Instruction (IPI);10;2008-07-11 16:10:00;1;NULL;NULL;25
197;8;B0001211;Concatenate Up to Five Strings a Specified Length;10;2008-07-11 16:10:00;1;NULL;NULL;25
198;8;B0001220;Verify Subledger Search and Select Exists;10;2008-07-11 16:10:00;1;NULL;NULL;25
199;8;B000700;Shop Floor Calender - Validation;10;2008-07-11 16:10:00;1;NULL;NULL;25
200;9;B0100001;RelatedNumbersTrigger;10;2008-07-11 16:10:00;1;NULL;NULL;25
201;9;B0100002;A/B - Get Parent Address;10;2008-07-11 16:10:00;1;NULL;NULL;25
202;9;B0100003;Add Parent/Child Record;10;2008-07-11 16:10:00;1;NULL;NULL;25
203;9;B0100004;GetAn8F0115Phone;10;2008-07-11 16:10:00;1;NULL;NULL;25
204;9;B0100005;UpdateAn8F0115Phone;10;2008-07-11 16:10:00;1;NULL;NULL;25
205;9;B0100007;IsLongAccountUnique;10;2008-07-11 16:10:00;1;NULL;NULL;25
206;9;B0100008;A/B Server - Parent/Child Server;10;2008-07-11 16:10:00;1;NULL;NULL;25
207;9;B0100009;Create Compressed Description;10;2008-07-11 16:10:00;1;NULL;NULL;25
208;9;B0100010;Check Effective Date Flag;10;2008-07-11 16:10:00;1;NULL;NULL;25
209;9;B0100011;Error Message Processor to PPAT System;10;2008-07-11 16:10:00;1;NULL;NULL;25
210;9;B0100013;Get Company from CC from AB #;10;2008-07-11 16:10:00;1;NULL;NULL;25
211;9;B0100015;Get A/B info for A/R and A/P;10;2008-07-11 16:10:00;1;NULL;NULL;25
212;9;B0100016;Scrub Address Number;10;2008-07-11 16:10:00;1;NULL;NULL;25
213;9;B0100017;Check the AB Delete;10;2008-07-11 16:10:00;1;NULL;NULL;25
214;9;B0100018;Get A/B Constants;10;2008-07-11 16:10:00;1;NULL;NULL;25
215;9;B0100019;Get Address Effective Date;10;2008-07-11 16:10:00;1;NULL;NULL;25
216;9;B0100021;Formatted Addresses;10;2008-07-11 16:10:00;1;NULL;NULL;25
217;9;B0100022;A/B Vendor Currency Amounts;10;2008-07-11 16:10:00;1;NULL;NULL;25
218;9;B0100023;Get Customer Amounts & Dates from F0301 or F03B01;10;2008-07-11 16:10:00;1;NULL;NULL;25
219;9;B0100024;Convert Transaction Amt to Customer Ccy & Upd F0301;10;2008-07-11 16:10:00;1;NULL;NULL;25
220;9;B0100025;Initialize PPAT Error Message API;10;2008-07-11 16:10:00;1;NULL;NULL;25
221;9;B0100026;Get AB Reporting Codes;10;2008-07-11 16:10:00;1;NULL;NULL;25
222;9;B0100027;Update EFTF in F0116;10;2008-07-11 16:10:00;1;NULL;NULL;25
223;9;B0100028;AB - Server - Called From Parent/Child;10;2008-07-11 16:10:00;1;NULL;NULL;25
224;9;B0100031;Retrieve mailing name;10;2008-07-11 16:10:00;1;NULL;NULL;25
225;9;B0100032;Get Phone;10;2008-07-11 16:10:00;1;NULL;NULL;25
226;9;B0100033;Get Effective Address;10;2008-07-11 16:10:00;1;NULL;NULL;25
227;9;B0100034;Delete Phones;10;2008-07-11 16:10:00;1;NULL;NULL;25
228;9;B0100035;Add Mailing Name to AB;10;2008-07-11 16:10:00;1;NULL;NULL;25
229;9;B0100036;Add and/or Update Effective Address;10;2008-07-11 16:10:00;1;NULL;NULL;25
230;9;B0100037;Previous Effective Address Date;10;2008-07-11 16:10:00;1;NULL;NULL;25
231;9;B0100038;Retrieve Next Effective Address from F0116;10;2008-07-11 16:10:00;1;NULL;NULL;25
232;9;B0100039;Is Address Number in Address Book Master Table;10;2008-07-11 16:10:00;1;NULL;NULL;25
233;9;B0100040;Check  For Address Book  Duplicates;10;2008-07-11 16:10:00;1;NULL;NULL;25
234;9;B0100044;Set NER Return Code;10;2008-07-11 16:10:00;1;NULL;NULL;25
235;9;B0100049;F0150 Create Parent/Child Address Book Cache;10;2008-07-11 16:10:00;1;NULL;NULL;25
236;9;B0100050;Cache, Process Address Book Tree;10;2008-07-11 16:10:00;1;NULL;NULL;25
237;9;B0100051;Error Message - Determine If Errors Exist;10;2008-07-11 16:10:00;1;NULL;NULL;25
238;9;B0100052;Address Book - PO Template for MBF;10;2008-07-11 16:10:00;1;NULL;NULL;25
239;9;B0100055;F01815 - Clear Table and Occurrences;10;2008-07-11 16:10:00;1;NULL;NULL;25
240;9;B0100056;F03012 - Update A/R Data on Customer Master;10;2008-07-11 16:10:00;1;NULL;NULL;25
241;9;B0100057;F0401 - Update Amounts on Supplier Master;10;2008-07-11 16:10:00;1;NULL;NULL;25
242;9;B0100061;Address Book Mini Server;10;2008-07-11 16:10:00;1;NULL;NULL;25
243;9;B0100063;Company For Line of Business;10;2008-07-11 16:10:00;1;NULL;NULL;25
244;9;B0100066;Recursive Relationship Check;10;2008-07-11 16:10:00;1;NULL;NULL;25
245;9;B0100067;Formatted Address With Who's Who;10;2008-07-11 16:10:00;1;NULL;NULL;25
246;9;B0100068;Address Book Word Search Build;10;2008-07-11 16:10:00;1;NULL;NULL;25
247;9;B0100069;Contact Information;10;2008-07-11 16:10:00;1;NULL;NULL;25
248;9;B0100070;Enhanced Parent/child;10;2008-07-11 16:10:00;1;NULL;NULL;25
249;9;B0100071;Related Person MBF;10;2008-07-11 16:10:00;1;NULL;NULL;25
250;9;B0100072;Alternate Address;10;2008-07-11 16:10:00;1;NULL;NULL;25
251;9;B0100073;Electronic Address - Phones;10;2008-07-11 16:10:00;1;NULL;NULL;25
252;9;B0100074;Read Contact Information PO;10;2008-07-11 16:10:00;1;NULL;NULL;25
253;9;B0100075;Customer Master - Read MBF PO Value;10;2008-07-11 16:10:00;1;NULL;NULL;25
254;9;B0100076;Scrub Business Unit for Blanks and Special Characters;10;2008-07-11 16:10:00;1;NULL;NULL;25
255;9;B0100077;Customer Master Real Time Event Notification Function;10;2008-07-11 16:10:00;1;NULL;NULL;25
256;9;B0100078;Get Customer Master Category Codes;10;2008-07-11 16:10:00;1;NULL;NULL;25
257;9;B0100079;Parent Child Structure Master Manage Notify;10;2008-07-11 16:10:00;1;NULL;NULL;25
258;9;B0100081;Retrieve Customer Master Amounts;10;2008-07-11 16:10:00;1;NULL;NULL;25
259;9;B0100083;Supplier Master Real Time Event Notification Function;10;2008-07-11 16:10:00;1;NULL;NULL;25
260;9;B0100084;Postal Codes Validation;10;2008-07-11 16:10:00;1;NULL;NULL;25
261;9;B0100085;Address Book Master Real Time Event Notification Function;10;2008-07-11 16:10:00;1;NULL;NULL;25
262;9;B0100086;Validate Postal Code Deletion;10;2008-07-11 16:10:00;1;NULL;NULL;25
263;9;B0100087;Who's Who MBF;10;2008-07-11 16:10:00;1;NULL;NULL;25
264;9;B0100088;Check Duplicate AB Records;10;2008-07-11 16:10:00;1;NULL;NULL;25
265;9;B0101490;Retrieve F0101 Category Codes;10;2008-07-11 16:10:00;1;NULL;NULL;25
266;9;B0125031;Multi-Level Error Message Functions;10;2008-07-11 16:10:00;1;NULL;NULL;25
267;9;B012505;Tools Send Shortcut;10;2008-07-11 16:10:00;1;NULL;NULL;25
268;9;B01425;Check Effective Date;10;2008-07-11 16:10:00;1;NULL;NULL;25
269;10;B0200003;Advance Date by number of days for Monday thru Friday;10;2008-07-11 16:10:00;1;NULL;NULL;25
270;10;B0200004;Update F0112 Time Log;10;2008-07-11 16:10:00;1;NULL;NULL;25
271;10;B0200006;JDEM- Update message files for status Sent, Clear, Delete;10;2008-07-11 16:10:00;1;NULL;NULL;25
272;10;B0200008;JDEM - Update Message Header for Sender Status;10;2008-07-11 16:10:00;1;NULL;NULL;25
273;10;B0200009;PPAT - Retrieve Bulletin Board Subscriptions;10;2008-07-11 16:10:00;1;NULL;NULL;25
274;10;B0200010;PPAT - Delete F01134 for Passed User Id, Group, Address;10;2008-07-11 16:10:00;1;NULL;NULL;25
275;10;B0200011;PPAT - Add Text and Distribution;10;2008-07-11 16:10:00;1;NULL;NULL;25
276;10;B0200015;Message Text Substitution;10;2008-07-11 16:10:00;1;NULL;NULL;25
277;10;B0200017;Parse Work Flow Connection;10;2008-07-11 16:10:00;1;NULL;NULL;25
278;10;B0200018;PPAT - Check Status of Message;10;2008-07-11 16:10:00;1;NULL;NULL;25
279;10;B0200019;Remove Leading Blanks;10;2008-07-11 16:10:00;1;NULL;NULL;25
280;10;B0200022;PPAT Retrieve Header and Detail;10;2008-07-11 16:10:00;1;NULL;NULL;25
281;10;B0200023;Address Book JDEM Message Summary Print;10;2008-07-11 16:10:00;1;NULL;NULL;25
282;10;B0200024;Format PPAT Quick List Structure;10;2008-07-11 16:10:00;1;NULL;NULL;25
283;10;B0200025;Format Call For ParentChild;10;2008-07-11 16:10:00;1;NULL;NULL;25
284;10;B0200027;F0009 Retrieve JDEM Security Flag;10;2008-07-11 16:10:00;1;NULL;NULL;25
285;10;B0200028;JDEM Edit For New Message;10;2008-07-11 16:10:00;1;NULL;NULL;25
286;10;B0200029;JDEM Validate Msg Deletion;10;2008-07-11 16:10:00;1;NULL;NULL;25
287;10;B0200030;JDEM Priority Filter;10;2008-07-11 16:10:00;1;NULL;NULL;25
288;10;B0200031;F0005 JDEM Retrieve UDC;10;2008-07-11 16:10:00;1;NULL;NULL;25
289;10;B0200032;F0111 Retrieve Whos Who Remark;10;2008-07-11 16:10:00;1;NULL;NULL;25
290;10;B0200034;F01133 Update Detail Record;10;2008-07-11 16:10:00;1;NULL;NULL;25
291;10;B0200035;JDEM F0101 Retrieve AB3;10;2008-07-11 16:10:00;1;NULL;NULL;25
292;10;B0200038;MessageRetrieval;10;2008-07-11 16:10:00;1;NULL;NULL;25
293;10;B0200040;F01131GetBriefMessage;10;2008-07-11 16:10:00;1;NULL;NULL;25
294;10;B0200042;F01131MCheckforChild;10;2008-07-11 16:10:00;1;NULL;NULL;25
295;10;B0200043;F01131MDeleteErrorMsgs;10;2008-07-11 16:10:00;1;NULL;NULL;25
296;10;B0200044;F0016DDeleteGenericTextAMC;10;2008-07-11 16:10:00;1;NULL;NULL;25
297;10;B0200047;CreateActionMsgShortcut;10;2008-07-11 16:10:00;1;NULL;NULL;25
298;10;B0200048;FormatFowardMessage;10;2008-07-11 16:10:00;1;NULL;NULL;25
299;10;B0200052;ReturnFirst80BytesOfMediaObjectControl;10;2008-07-11 16:10:00;1;NULL;NULL;25
300;10;B0200053;GetFirst80BytesFromF00165;10;2008-07-11 16:10:00;1;NULL;NULL;25
301;10;B0200098;PPAT - Get User Id, Address Book Number;10;2008-07-11 16:10:00;1;NULL;NULL;25
302;10;B0200099;F0092 Get User ID;10;2008-07-11 16:10:00;1;NULL;NULL;25
303;10;B0200200;F01137MaintainWorkflowSecurity;10;2008-07-11 16:10:00;1;NULL;NULL;25
304;10;B0200210;F0150CheckForChildren;10;2008-07-11 16:10:00;1;NULL;NULL;25
305;10;B0200220;F01133CacheMessages;10;2008-07-11 16:10:00;1;NULL;NULL;25
306;10;B0200240;F01133AdvancedMessagePeak;10;2008-07-11 16:10:00;1;NULL;NULL;25
307;10;B0200900;JDEM Send EMail;10;2008-07-11 16:10:00;1;NULL;NULL;25
308;10;B0200901;JDEM Read EMail;10;2008-07-11 16:10:00;1;NULL;NULL;25
309;10;B0200902;Initialize Destroy Mail Handle;10;2008-07-11 16:10:00;1;NULL;NULL;25
310;10;B0200905;Send Message Interactive;10;2008-07-11 16:10:00;1;NULL;NULL;25
311;10;B0200906;Receive Message Interactive;10;2008-07-11 16:10:00;1;NULL;NULL;25
312;10;B0200910;GetKeyValueSerialNumber;10;2008-07-11 16:10:00;1;NULL;NULL;25
313;11;B0300001;Validate F0311 Records To Be Deleted;10;2008-07-11 16:10:00;1;NULL;NULL;25
314;11;B0300002;Create 'RE' Record - Change In Gross Amount;10;2008-07-11 16:10:00;1;NULL;NULL;25
315;11;B0300004;Create 'RE' Record - Voids;10;2008-07-11 16:10:00;1;NULL;NULL;25
316;11;B0300005;Delete Invoice from F0311;10;2008-07-11 16:10:00;1;NULL;NULL;25
317;11;B03B0001;Receipt Header Server;10;2008-07-11 16:10:00;1;NULL;NULL;25
318;11;B03B0011;Invoice Entry Master Business Function;10;2008-07-11 16:10:00;1;NULL;NULL;25
319;11;B03B0012;F03B14 Apply Receipt to Invoice;10;2008-07-11 16:10:00;1;NULL;NULL;25
320;11;B03B0013;Delete Invoice from F03B11;10;2008-07-11 16:10:00;1;NULL;NULL;25
321;11;B03B0014;Validate Invoice Records to Delete;10;2008-07-11 16:10:00;1;NULL;NULL;25
322;11;B03B0015;Void Invoice;10;2008-07-11 16:10:00;1;NULL;NULL;25
323;11;B03B0017;AR Aging - X0303;10;2008-07-11 16:10:00;1;NULL;NULL;25
324;11;B03B0018;A/R Speed Status Change;10;2008-07-11 16:10:00;1;NULL;NULL;25
325;11;B03B0019;F03B13 Void/NSF Receipt;10;2008-07-11 16:10:00;1;NULL;NULL;25
326;11;B03B0020;Insert Recurring Invoice Record;10;2008-07-11 16:10:00;1;NULL;NULL;25
327;11;B03B0021;F03B112 Create Invoice Revision;10;2008-07-11 16:10:00;1;NULL;NULL;25
328;11;B03B0022;Retrieve Customer Credit Messages;10;2008-07-11 16:10:00;1;NULL;NULL;25
329;11;B03B0023;F03B14 Void/Delete Receipt;10;2008-07-11 16:10:00;1;NULL;NULL;25
330;11;B03B0024;A/R to G/L by Batch - Integrity Report;10;2008-07-11 16:10:00;1;NULL;NULL;25
331;11;B03B0025;Invoice Post;10;2008-07-11 16:10:00;1;NULL;NULL;25
332;11;B03B0026;Retrieve/Update A/R Constants;10;2008-07-11 16:10:00;1;NULL;NULL;25
333;11;B03B0028;Calculate Amount to Pay;10;2008-07-11 16:10:00;1;NULL;NULL;25
334;11;B03B0029;Calculate Finance Charge from Rules;10;2008-07-11 16:10:00;1;NULL;NULL;25
335;11;B03B0030;Balance Forward Receipts;10;2008-07-11 16:10:00;1;NULL;NULL;25
336;11;B03B0033;Return Error Flag If Any GBRError set for Form;10;2008-07-11 16:10:00;1;NULL;NULL;25
337;11;B03B0037;Retrieve Home G/L Bank Account;10;2008-07-11 16:10:00;1;NULL;NULL;25
338;11;B03B0039;Reset Upload Flag Status;10;2008-07-11 16:10:00;1;NULL;NULL;25
339;11;B03B0041;Purge Batch Receipts;10;2008-07-11 16:10:00;1;NULL;NULL;25
340;11;B03B0042;Retrieve Company Constants - Aging;10;2008-07-11 16:10:00;1;NULL;NULL;25
341;11;B03B0043;Get and Delete PSEL for F03BUI04;10;2008-07-11 16:10:00;1;NULL;NULL;25
342;11;B03B0044;F03B13Z1 Update Purge Flag To Y;10;2008-07-11 16:10:00;1;NULL;NULL;25
343;11;B03B0045;F03B11Z1 Update Store & Forward Invoice Delete;10;2008-07-11 16:10:00;1;NULL;NULL;25
344;11;B03B0049;F03B26 Get Notification Policy;10;2008-07-11 16:10:00;1;NULL;NULL;25
345;11;B03B0051;Locate the Policy Key Line number;10;2008-07-11 16:10:00;1;NULL;NULL;25
346;11;B03B0054;F03BUI05 Write Auto Receipts Batch Record;10;2008-07-11 16:10:00;1;NULL;NULL;25
347;11;B03B0055;F03012 - Get Invoice Send to Address Number;10;2008-07-11 16:10:00;1;NULL;NULL;25
348;11;B03B0056;F03B15 - Clear Cash/Credit Management Table;10;2008-07-11 16:10:00;1;NULL;NULL;25
349;11;B03B0057;F03BUI05 Clear Receipt Batch Workfile;10;2008-07-11 16:10:00;1;NULL;NULL;25
350;11;B03B0060;Validate Records before Deleting Policies;10;2008-07-11 16:10:00;1;NULL;NULL;25
351;11;B03B0061;Validate Records before Deleting Letters;10;2008-07-11 16:10:00;1;NULL;NULL;25
352;11;B03B0062;Calculate Account Action;10;2008-07-11 16:10:00;1;NULL;NULL;25
353;11;B03B0063;Retrieve SEPF Flag;10;2008-07-11 16:10:00;1;NULL;NULL;25
354;11;B03B0067;Receipt Post;10;2008-07-11 16:10:00;1;NULL;NULL;25
355;11;B03B0068;F03B31 - Write Activity Record;10;2008-07-11 16:10:00;1;NULL;NULL;25
356;11;B03B0069;F03B14 Maintain Unapplied Cash;10;2008-07-11 16:10:00;1;NULL;NULL;25
357;11;B03B0071;F03B31 - Get Activity ID;10;2008-07-11 16:10:00;1;NULL;NULL;25
358;11;B03B0072;Retrieve Credit Collection Fiscal Period;10;2008-07-11 16:10:00;1;NULL;NULL;25
359;11;B03B0074;Get Activity Description;10;2008-07-11 16:10:00;1;NULL;NULL;25
360;11;B03B0075;F03b16BalanceStatsHist;10;2008-07-11 16:10:00;1;NULL;NULL;25
361;11;B03B0078;F03B30-Retrieve Description;10;2008-07-11 16:10:00;1;NULL;NULL;25
362;11;B03B0080;Update Open Summary Parent;10;2008-07-11 16:10:00;1;NULL;NULL;25
363;11;B03B0081;F03B26-RetrieveAgingDays - OBSOLETE;10;2008-07-11 16:10:00;1;NULL;NULL;25
364;11;B03B0082;Retrieve Credit Message;10;2008-07-11 16:10:00;1;NULL;NULL;25
365;11;B03B0085;Update Stat Summary Parent;10;2008-07-11 16:10:00;1;NULL;NULL;25
366;11;B03B0086;F0101 - Update Credit Message;10;2008-07-11 16:10:00;1;NULL;NULL;25
367;11;B03B0087;F03B16 - Update Period Statistics;10;2008-07-11 16:10:00;1;NULL;NULL;25
368;11;B03B0088;"Unlog ""RL"" Logged Receipts";10;2008-07-11 16:10:00;1;NULL;NULL;25
369;11;B03B0090;F03B16S - Update Statistic Summary;10;2008-07-11 16:10:00;1;NULL;NULL;25
370;11;B03B0091;Get Last Activity Date;10;2008-07-11 16:10:00;1;NULL;NULL;25
371;11;B03B0092;F03B25 Policy Search;10;2008-07-11 16:10:00;1;NULL;NULL;25
372;11;B03B0093;Retrieve A/R Constants by Company;10;2008-07-11 16:10:00;1;NULL;NULL;25
373;11;B03B0099;Is Execution List;10;2008-07-11 16:10:00;1;NULL;NULL;25
374;11;B03B0100;Get Base Method;10;2008-07-11 16:10:00;1;NULL;NULL;25
375;11;B03B0101;Get Customer Execution List;10;2008-07-11 16:10:00;1;NULL;NULL;25
376;11;B03B0102;Auto Receipts Base Method Driver;10;2008-07-11 16:10:00;1;NULL;NULL;25
377;11;B03B0103;F0013 Get Currency Description;10;2008-07-11 16:10:00;1;NULL;NULL;25
378;11;B03B0104;F03B16S-Initialize Prior Yr and Yr To Date;10;2008-07-11 16:10:00;1;NULL;NULL;25
379;11;B03B0106;F03B16 Get Previous Period Info;10;2008-07-11 16:10:00;1;NULL;NULL;25
380;11;B03B0107;F03B16 - Update High Balance;10;2008-07-11 16:10:00;1;NULL;NULL;25
381;11;B03B0108;Convert Description to AN8;10;2008-07-11 16:10:00;1;NULL;NULL;25
382;11;B03B0111;Create Cache Table;10;2008-07-11 16:10:00;1;NULL;NULL;25
383;11;B03B0112;F03B21 - Write Notification Detail from Cache;10;2008-07-11 16:10:00;1;NULL;NULL;25
384;11;B03B0113;F03B50 - Update Customer Execution List;10;2008-07-11 16:10:00;1;NULL;NULL;25
385;11;B03B0116;F03B23 - BF Write Fee Journal History Detail;10;2008-07-11 16:10:00;1;NULL;NULL;25
386;11;B03B0119;Combination Invoice Match Using Cache;10;2008-07-11 16:10:00;1;NULL;NULL;25
387;11;B03B0120;F03B08 Sort Ending Date;10;2008-07-11 16:10:00;1;NULL;NULL;25
388;11;B03B0121;F03B08 Edit Fiscal Date Pattern;10;2008-07-11 16:10:00;1;NULL;NULL;25
389;11;B03B0122;Write Invoice To Cache;10;2008-07-11 16:10:00;1;NULL;NULL;25
390;11;B03B0123;Write Statistical History to Cache;10;2008-07-11 16:10:00;1;NULL;NULL;25
391;11;B03B0124;Read Statistical History Cache;10;2008-07-11 16:10:00;1;NULL;NULL;25
392;11;B03B0125;F03B08 Update Previous Year;10;2008-07-11 16:10:00;1;NULL;NULL;25
393;11;B03B0126;Receipts Entry Batch Open;10;2008-07-11 16:10:00;1;NULL;NULL;25
394;11;B03B0127;Statement Print Driver;10;2008-07-11 16:10:00;1;NULL;NULL;25
395;11;B03B0128;Retrive and Update Next Auto Debit Number;10;2008-07-11 16:10:00;1;NULL;NULL;25
396;11;B03B0129;F03B42 Verify Claim Activity Code;10;2008-07-11 16:10:00;1;NULL;NULL;25
397;11;B03B0130;F03B571 Reset and Delete Batch Control Info;10;2008-07-11 16:10:00;1;NULL;NULL;25
398;11;B03B0131;F03B16 - Calculate Statistical Summary;10;2008-07-11 16:10:00;1;NULL;NULL;25
399;11;B03B0132;F03B40 - Create Claim Information;10;2008-07-11 16:10:00;1;NULL;NULL;25
400;11;B03B0133;F03B571 Automatic Debits Batch Control Driver;10;2008-07-11 16:10:00;1;NULL;NULL;25
401;11;B03B0134;F03B571 Get Next Auto Debit Batch Control Number;10;2008-07-11 16:10:00;1;NULL;NULL;25
402;11;B03B0136;F03B14 As Of Aging Server;10;2008-07-11 16:10:00;1;NULL;NULL;25
403;11;B03B0137;F03B11 As Of Aging Summary;10;2008-07-11 16:10:00;1;NULL;NULL;25
404;11;B03B0138;F03B13 Maintain Receipt Header;10;2008-07-11 16:10:00;1;NULL;NULL;25
405;11;B03B0140;F0007 Calculate BAC Workday;10;2008-07-11 16:10:00;1;NULL;NULL;25
406;11;B03B0141;Increment and Convert MathNumeric to String;10;2008-07-11 16:10:00;1;NULL;NULL;25
407;11;B03B0142;Receipts Entry Read Cache;10;2008-07-11 16:10:00;1;NULL;NULL;25
408;11;B03B0143;F03B11 Receipts Entry Load Invoices;10;2008-07-11 16:10:00;1;NULL;NULL;25
409;11;B03B0146;F03B14 - Create F03B14 Record - GL Entry;10;2008-07-11 16:10:00;1;NULL;NULL;25
410;11;B03B0147;F03B14 - Get Next File Line Identifier - RC5;10;2008-07-11 16:10:00;1;NULL;NULL;25
411;11;B03B0148;F03B57OW Purge Auto Debit Historical Records;10;2008-07-11 16:10:00;1;NULL;NULL;25
412;11;B03B0149;F03B14 Maintain Receipt Detail;10;2008-07-11 16:10:00;1;NULL;NULL;25
413;11;B03B0151;Convert Registration Number Text/Numeric;10;2008-07-11 16:10:00;1;NULL;NULL;25
414;11;B03B0152;F03B11 Load By Statement Number;10;2008-07-11 16:10:00;1;NULL;NULL;25
415;11;B03B0153;Receipts Entry Type Input Processor;10;2008-07-11 16:10:00;1;NULL;NULL;25
416;11;B03B0154;Draft Change Delete Void NSF;10;2008-07-11 16:10:00;1;NULL;NULL;25
417;11;B03B0155;Pad String With Hex Characters;10;2008-07-11 16:10:00;1;NULL;NULL;25
418;11;B03B0156;F03B11 Create R1 Record Draft;10;2008-07-11 16:10:00;1;NULL;NULL;25
419;11;B03B0157;F03B15 Retrieve Fetch Flag;10;2008-07-11 16:10:00;1;NULL;NULL;25
420;11;B03B0158;Maintain Receipts Entry Cache;10;2008-07-11 16:10:00;1;NULL;NULL;25
421;11;B03B0160;Draft Remittance Format Driver;10;2008-07-11 16:10:00;1;NULL;NULL;25
422;11;B03B0161;F03B22 Fetch Next Run ID;10;2008-07-11 16:10:00;1;NULL;NULL;25
423;11;B03B0162;F03B20 Fetch Next Run ID;10;2008-07-11 16:10:00;1;NULL;NULL;25
424;11;B03B0163;Clear Combination Invoice Match Cache;10;2008-07-11 16:10:00;1;NULL;NULL;25
425;11;B03B0165;F03B22 Fetch Next Unique ID;10;2008-07-11 16:10:00;1;NULL;NULL;25
426;11;B03B0166;F03B20 Fetch Next Unique ID;10;2008-07-11 16:10:00;1;NULL;NULL;25
427;11;B03B0167;F03B11 Get Invoice Info RIBA;10;2008-07-11 16:10:00;1;NULL;NULL;25
428;11;B03B0168;Stamp Amount Italian RIBA;10;2008-07-11 16:10:00;1;NULL;NULL;25
429;11;B03B0169;F03B11 Invoice Match Process;10;2008-07-11 16:10:00;1;NULL;NULL;25
430;11;B03B0170;Process A/R Cost Management Cache;10;2008-07-11 16:10:00;1;NULL;NULL;25
431;11;B03B0171;Update Cash Management Flag for Purge/Repost;10;2008-07-11 16:10:00;1;NULL;NULL;25
432;11;B03B0172;Maintain Invoice Selection Cache;10;2008-07-11 16:10:00;1;NULL;NULL;25
433;11;B03B0174;Get Invoice Exchange Rate For Euro;10;2008-07-11 16:10:00;1;NULL;NULL;25
434;11;B03B0177;Maintain Account Netting Header Cache;10;2008-07-11 16:10:00;1;NULL;NULL;25
435;11;B03B0178;Maintain Account Netting Detail Cache;10;2008-07-11 16:10:00;1;NULL;NULL;25
436;11;B03B0179;Void NSF Draft At Any Status;10;2008-07-11 16:10:00;1;NULL;NULL;25
437;11;B03B0180;Credit Memo Select Maintain Caches;10;2008-07-11 16:10:00;1;NULL;NULL;25
438;11;B03B0182;Retrieve Receipt Entry PO Values;10;2008-07-11 16:10:00;1;NULL;NULL;25
439;11;B03B0186;F03B11-Populate Date Invoice Closed;10;2008-07-11 16:10:00;1;NULL;NULL;25
440;11;B03B0189;Get P03B11 Processing Options;10;2008-07-11 16:10:00;1;NULL;NULL;25
441;11;B03B0190;F03B11Z2 Invoice Outbound Interoperability;10;2008-07-11 16:10:00;1;NULL;NULL;25
442;11;B03B0191;F03B13Z2/F03B14Z2 Receipt Outbound Interoperability;10;2008-07-11 16:10:00;1;NULL;NULL;25
443;11;B03B0195;A/R Detail with Aging Cache;10;2008-07-11 16:10:00;1;NULL;NULL;25
444;11;B03B0196;Foreign/Domestic with Aging Cache;10;2008-07-11 16:10:00;1;NULL;NULL;25
445;11;B03B0197;Return To Prior Draft Status;10;2008-07-11 16:10:00;1;NULL;NULL;25
446;11;B03B0199;F03B21 - Get Unique Key ID;10;2008-07-11 16:10:00;1;NULL;NULL;25
447;11;B03B0200;F03B20 Insert;10;2008-07-11 16:10:00;1;NULL;NULL;25
448;11;B03B0201;F03B21 Insert;10;2008-07-11 16:10:00;1;NULL;NULL;25
449;11;B03B0202;F03B20 - Get Previous Balance;10;2008-07-11 16:10:00;1;NULL;NULL;25
450;11;B03B0203;A/R to Account Balance by Account ID;10;2008-07-11 16:10:00;1;NULL;NULL;25
451;11;B03B0205;Decrement Date One Day;10;2008-07-11 16:10:00;1;NULL;NULL;25
452;11;B03B0208;Deductions Activity Real Time Event Notification;10;2008-07-11 16:10:00;1;NULL;NULL;25
453;11;B03B0210;F03B11 Self-Service Get Matches;10;2008-07-11 16:10:00;1;NULL;NULL;25
454;11;B03B0211;Xe/ERP 8.0 to EnterpriseOne Post Install Conversion Function;10;2008-07-11 16:10:00;1;NULL;NULL;25
455;11;B03B0220;Maintain ESR Reference Number;10;2008-07-11 16:10:00;1;NULL;NULL;25
456;11;B03B0230;Batch Invoice Processor - C Function;10;2008-07-11 16:10:00;1;NULL;NULL;25
457;11;B03B0231;F03B14XX TC Row By Row Process;10;2008-07-11 16:10:00;1;NULL;NULL;25
458;11;B03B0232;F03B13XX TC Row By Row Process;10;2008-07-11 16:10:00;1;NULL;NULL;25
459;11;B03B0233;Validate Account Currency;10;2008-07-11 16:10:00;1;NULL;NULL;25
460;11;B03B0290;Receipt Detail Records Looping;10;2008-07-11 16:10:00;1;NULL;NULL;25
461;11;B03B0291;F00095 Business Object Reservation - 03B;10;2008-07-11 16:10:00;1;NULL;NULL;25
462;11;B03B0522;A/R Cash Forecast Data Refresh;10;2008-07-11 16:10:00;1;NULL;NULL;25
463;12;B0400001;Default Currency Fields;10;2008-07-11 16:10:00;1;NULL;NULL;25
464;12;B0400002;Default Tax Rate Area;10;2008-07-11 16:10:00;1;NULL;NULL;25
465;12;B0400003;Retrieve Processing Programs (F0417);10;2008-07-11 16:10:00;1;NULL;NULL;25
466;12;B0400004;Edit Against Changed Values;10;2008-07-11 16:10:00;1;NULL;NULL;25
467;12;B0400005;Edit Blank Purchase Order;10;2008-07-11 16:10:00;1;NULL;NULL;25
468;12;B0400006;F0414 - Get Payment Amount Domestic, Foreign;10;2008-07-11 16:10:00;1;NULL;NULL;25
469;12;B0400007;A/P Auto Payments - Print Driver;10;2008-07-11 16:10:00;1;NULL;NULL;25
470;12;B0400008;A/P Auto Payments - Update G/L Date;10;2008-07-11 16:10:00;1;NULL;NULL;25
471;12;B0400009;Get Account Company;10;2008-07-11 16:10:00;1;NULL;NULL;25
472;12;B0400010;Retrieve Next Pay Item;10;2008-07-11 16:10:00;1;NULL;NULL;25
473;12;B0400011;A/P Auto Payments - Split Detail;10;2008-07-11 16:10:00;1;NULL;NULL;25
474;12;B0400012;Edit Auto Payment Selection;10;2008-07-11 16:10:00;1;NULL;NULL;25
475;12;B0400013;Calculate Check Amount;10;2008-07-11 16:10:00;1;NULL;NULL;25
476;12;B0400014;Write Manual Check Records;10;2008-07-11 16:10:00;1;NULL;NULL;25
477;12;B0400015;A/P Auto Payments - Update Print Program And Queue;10;2008-07-11 16:10:00;1;NULL;NULL;25
478;12;B0400016;A/P Payments Master Business Function;10;2008-07-11 16:10:00;1;NULL;NULL;25
479;12;B0400017;Default Pay Status;10;2008-07-11 16:10:00;1;NULL;NULL;25
480;12;B0400018;Retrieve PCG Totals;10;2008-07-11 16:10:00;1;NULL;NULL;25
481;12;B0400019;Retrieve Payment Totals;10;2008-07-11 16:10:00;1;NULL;NULL;25
482;12;B0400020;Edit Pay Status;10;2008-07-11 16:10:00;1;NULL;NULL;25
483;12;B0400021;Get Open Voucher Amount;10;2008-07-11 16:10:00;1;NULL;NULL;25
484;12;B0400022;AP Global Update;10;2008-07-11 16:10:00;1;NULL;NULL;25
485;12;B0400023;Edit GL Date Change;10;2008-07-11 16:10:00;1;NULL;NULL;25
486;12;B0400024;Edit Supplier Number Change;10;2008-07-11 16:10:00;1;NULL;NULL;25
487;12;B0400025;Edit Currency Mode Change;10;2008-07-11 16:10:00;1;NULL;NULL;25
488;12;B0400026;Edit Voucher With PO Change;10;2008-07-11 16:10:00;1;NULL;NULL;25
489;12;B0400027;Calculate Difference;10;2008-07-11 16:10:00;1;NULL;NULL;25
490;12;B0400029;Edit Sequence ID Field Duplicate;10;2008-07-11 16:10:00;1;NULL;NULL;25
491;12;B0400031;Validate Voucher Records To Be Deleted;10;2008-07-11 16:10:00;1;NULL;NULL;25
492;12;B0400032;Delete Payment Pay Items;10;2008-07-11 16:10:00;1;NULL;NULL;25
493;12;B0400034;Default G/L Account Number From A/B;10;2008-07-11 16:10:00;1;NULL;NULL;25
494;12;B0400035;Delete Voucher From Browse Screen;10;2008-07-11 16:10:00;1;NULL;NULL;25
495;12;B0400036;Edit Voucher G/L Offset Account;10;2008-07-11 16:10:00;1;NULL;NULL;25
496;12;B0400037;Default Due Dates;10;2008-07-11 16:10:00;1;NULL;NULL;25
497;12;B0400038;PE Creation - Void;10;2008-07-11 16:10:00;1;NULL;NULL;25
498;12;B0400040;Duplicate Pay Item;10;2008-07-11 16:10:00;1;NULL;NULL;25
499;12;B0400041;Edit Remaining Amount - Equal Zero;10;2008-07-11 16:10:00;1;NULL;NULL;25
500;12;B0400042;Voucher Entry Date Edits;10;2008-07-11 16:10:00;1;NULL;NULL;25
501;12;B0400044;Edit Address_Transit Bank Acct;10;2008-07-11 16:10:00;1;NULL;NULL;25
502;12;B0400047;Voucher Entry Master Business Function;10;2008-07-11 16:10:00;1;NULL;NULL;25
503;12;B0400048;Write Outbound F0411Z3 Records;10;2008-07-11 16:10:00;1;NULL;NULL;25
504;12;B0400049;Edit Voucher For Currency Payment;10;2008-07-11 16:10:00;1;NULL;NULL;25
505;12;B0400050;Retrieve And Validate Currency GN/LS Acct;10;2008-07-11 16:10:00;1;NULL;NULL;25
506;12;B0400051;Payable Gain/Loss;10;2008-07-11 16:10:00;1;NULL;NULL;25
507;12;B0400052;GetNextManualPaymentNbr;10;2008-07-11 16:10:00;1;NULL;NULL;25
508;12;B0400053;Void Payable Gain/Loss;10;2008-07-11 16:10:00;1;NULL;NULL;25
509;12;B0400054;PaymentNbrNotEqualZero;10;2008-07-11 16:10:00;1;NULL;NULL;25
510;12;B0400055;Retrieve Payee Info;10;2008-07-11 16:10:00;1;NULL;NULL;25
511;12;B0400056;SupplierNbrNotEqualZero;10;2008-07-11 16:10:00;1;NULL;NULL;25
512;12;B0400059;Retrieve X0450 Processing Options;10;2008-07-11 16:10:00;1;NULL;NULL;25
513;12;B0400060;Retrieve Next UKID From F0450;10;2008-07-11 16:10:00;1;NULL;NULL;25
514;12;B0400063;A/P Payments Update F04572 ( R04577);10;2008-07-11 16:10:00;1;NULL;NULL;25
515;12;B0400067;Void Delete Manual Payment;10;2008-07-11 16:10:00;1;NULL;NULL;25
516;12;B0400070;Check Existence Sequence ID;10;2008-07-11 16:10:00;1;NULL;NULL;25
517;12;B0400074;Insert Recurring Voucher Record;10;2008-07-11 16:10:00;1;NULL;NULL;25
518;12;B0400076;Update Voucher Record With Payment Information;10;2008-07-11 16:10:00;1;NULL;NULL;25
519;12;B0400080;A/P Retrieve Print Driver Keys (R04571);10;2008-07-11 16:10:00;1;NULL;NULL;25
520;12;B0400081;Retrieve Check Sequencing;10;2008-07-11 16:10:00;1;NULL;NULL;25
521;12;B0400082;Retrieve PSEL From F04257W2;10;2008-07-11 16:10:00;1;NULL;NULL;25
522;12;B0400083;Delete Payment Detail Record;10;2008-07-11 16:10:00;1;NULL;NULL;25
523;12;B0400084;Retrieve Voucher Redistribution Suspense;10;2008-07-11 16:10:00;1;NULL;NULL;25
524;12;B0400085;Retrieve or Delete PSEL From F04UI004;10;2008-07-11 16:10:00;1;NULL;NULL;25
525;12;B0400086;Delete Store & Forward Voucher from  Browse;10;2008-07-11 16:10:00;1;NULL;NULL;25
526;12;B0400089;Update Status For A/P Drafts;10;2008-07-11 16:10:00;1;NULL;NULL;25
527;12;B0400093;Create A/P Drafts;10;2008-07-11 16:10:00;1;NULL;NULL;25
528;12;B0400094;F0401 Withholding Tax Auth, Get;10;2008-07-11 16:10:00;1;NULL;NULL;25
529;12;B0400095;Calc Withholding Voucher Create;10;2008-07-11 16:10:00;1;NULL;NULL;25
530;12;B0400097;DefaultVoucherFromAddressBook;10;2008-07-11 16:10:00;1;NULL;NULL;25
531;12;B0400099;Clear 'As Of' Files;10;2008-07-11 16:10:00;1;NULL;NULL;25
532;12;B0400100;Edit Prox/Due Date for Payment Term Entry;10;2008-07-11 16:10:00;1;NULL;NULL;25
533;12;B0400101;Write Account Information to Cache;10;2008-07-11 16:10:00;1;NULL;NULL;25
534;12;B0400102;Retrieve Account Information from Cache;10;2008-07-11 16:10:00;1;NULL;NULL;25
535;12;B0400106;Load Voucher Info to Cache;10;2008-07-11 16:10:00;1;NULL;NULL;25
536;12;B0400107;Read Voucher Info from Cache;10;2008-07-11 16:10:00;1;NULL;NULL;25
537;12;B0400110;R09404 - Load Info To Cache;10;2008-07-11 16:10:00;1;NULL;NULL;25
538;12;B0400111;R09404 - Read Info From Cache;10;2008-07-11 16:10:00;1;NULL;NULL;25
539;12;B0400112;R004051 - Load Info To Cache;10;2008-07-11 16:10:00;1;NULL;NULL;25
540;12;B0400113;R004051 - Read Info From Cache;10;2008-07-11 16:10:00;1;NULL;NULL;25
541;12;B0400115;Accounts Payable Voucher Post;10;2008-07-11 16:10:00;1;NULL;NULL;25
542;12;B0400116;Retrieve Voucher Entry MBF Processing Options;10;2008-07-11 16:10:00;1;NULL;NULL;25
543;12;B0400117;Lines Check Formating - Brazil;10;2008-07-11 16:10:00;1;NULL;NULL;25
544;12;B0400120;Process AP Cost Management Cache;10;2008-07-11 16:10:00;1;NULL;NULL;25
545;12;B0400122;Calculate Remaining Amount to Distribute;10;2008-07-11 16:10:00;1;NULL;NULL;25
546;12;B0400126;Sort Currency Totals with Cache;10;2008-07-11 16:10:00;1;NULL;NULL;25
547;12;B0400148;Default Payables Bank Account;10;2008-07-11 16:10:00;1;NULL;NULL;25
548;12;B0400149;Edit Payables Discount Taken;10;2008-07-11 16:10:00;1;NULL;NULL;25
549;12;B0400151;Edit Applied Payment Amount;10;2008-07-11 16:10:00;1;NULL;NULL;25
550;12;B0400158;Edit Negative Payment Amount;10;2008-07-11 16:10:00;1;NULL;NULL;25
551;12;B0400162;Edit Duplicate Check # / Bank Account;10;2008-07-11 16:10:00;1;NULL;NULL;25
552;12;B0400163;Edit Duplicate Payee / Check # / Bank Account;10;2008-07-11 16:10:00;1;NULL;NULL;25
553;12;B0400165;Default pay item suffix to extension;10;2008-07-11 16:10:00;1;NULL;NULL;25
554;12;B0400167;Write Payment Detail Record to Workfile;10;2008-07-11 16:10:00;1;NULL;NULL;25
555;12;B0400168;Write record to PCG File;10;2008-07-11 16:10:00;1;NULL;NULL;25
556;12;B0400169;Remittance Advice Real Time Event Notification;10;2008-07-11 16:10:00;1;NULL;NULL;25
557;12;B0400170;F0411 Post Install Function;10;2008-07-11 16:10:00;1;NULL;NULL;25
558;12;B0400171;Change GT0411S Key to use KCO not CO;10;2008-07-11 16:10:00;1;NULL;NULL;25
559;12;B0400172;Convert JEDTLGT to GT0911A;10;2008-07-11 16:10:00;1;NULL;NULL;25
560;12;B0400204;Update Print/Update Selection Number (PSEL);10;2008-07-11 16:10:00;1;NULL;NULL;25
561;12;B0400205;A/P Payments - Undo Voucher;10;2008-07-11 16:10:00;1;NULL;NULL;25
562;12;B0400206;A/P Payments - Undo Payment;10;2008-07-11 16:10:00;1;NULL;NULL;25
563;12;B0400208;A/P Payments - Reset Payment;10;2008-07-11 16:10:00;1;NULL;NULL;25
564;12;B0400210;Validate Sequence SQID;10;2008-07-11 16:10:00;1;NULL;NULL;25
565;12;B0400211;Load PCG Record To F04257W2 Workfile;10;2008-07-11 16:10:00;1;NULL;NULL;25
566;12;B0400212;Delete Records From F04257W2 Workfile;10;2008-07-11 16:10:00;1;NULL;NULL;25
567;12;B0400233;Write Auto Payment Workfile Record;10;2008-07-11 16:10:00;1;NULL;NULL;25
568;12;B0400243;Edit Hold Payment Code;10;2008-07-11 16:10:00;1;NULL;NULL;25
569;12;B0400244;Default Factor/Special Payee;10;2008-07-11 16:10:00;1;NULL;NULL;25
570;12;B0400285;Edit Voucher Gross Amount;10;2008-07-11 16:10:00;1;NULL;NULL;25
571;12;B0400286;Calculate Voucher Open Amount;10;2008-07-11 16:10:00;1;NULL;NULL;25
572;12;B0400289;Edit Duplicate Supplier Invoice Number;10;2008-07-11 16:10:00;1;NULL;NULL;25
573;12;B0400291;PE Creation - Change In Gross Amount;10;2008-07-11 16:10:00;1;NULL;NULL;25
574;12;B0400297;Write to Interoperability Table;10;2008-07-11 16:10:00;1;NULL;NULL;25
575;12;B0400319;Edit posted record;10;2008-07-11 16:10:00;1;NULL;NULL;25
576;12;B0400394;Update Automatic Payments;10;2008-07-11 16:10:00;1;NULL;NULL;25
577;12;B0400400;Format the Check Amount;10;2008-07-11 16:10:00;1;NULL;NULL;25
578;12;B0400410;Convert Math Numeric To A String with Decimals;10;2008-07-11 16:10:00;1;NULL;NULL;25
579;12;B0400520;ASCII-File Managing Functions;10;2008-07-11 16:10:00;1;NULL;NULL;25
580;12;B0400522;A/P Cash Forecast Data Refresh;10;2008-07-11 16:10:00;1;NULL;NULL;25
581;12;B0400530;F0414 As Of Server;10;2008-07-11 16:10:00;1;NULL;NULL;25
582;12;B0400550;F0411 Self-Service Get Matches;10;2008-07-11 16:10:00;1;NULL;NULL;25
583;12;B0404110;Voucher Batch Upload BSFN;10;2008-07-11 16:10:00;1;NULL;NULL;25
584;12;B0474N1;Get Decimal Position;10;2008-07-11 16:10:00;1;NULL;NULL;25
585;13;B0500001;F06904 Get AAI Labor Recharge;10;2008-07-11 16:10:00;1;NULL;NULL;25
586;13;B0500002;Time Entry;10;2008-07-11 16:10:00;1;NULL;NULL;25
587;13;B0500003;Mass Change Processing - Retrieve Original Value;10;2008-07-11 16:10:00;1;NULL;NULL;25
588;13;B0500022;Retrieve Number of Account Segments;10;2008-07-11 16:10:00;1;NULL;NULL;25
589;13;B0500023;Payroll Journal Cache;10;2008-07-11 16:10:00;1;NULL;NULL;25
590;13;B0500024;Get Time Entry MBF Processing Options;10;2008-07-11 16:10:00;1;NULL;NULL;25
591;13;B0500025;Export to Flat File;10;2008-07-11 16:10:00;1;NULL;NULL;25
592;13;B0500027;Read Employee PDBA Cache Created by B0700020;10;2008-07-11 16:10:00;1;NULL;NULL;25
593;13;B0500029;Create Mail Merge Data File;10;2008-07-11 16:10:00;1;NULL;NULL;25
594;13;B0500047;HRM - Write Record to Generic Text File;10;2008-07-11 16:10:00;1;NULL;NULL;25
595;13;B0500049;Convert Future Data String to Date;10;2008-07-11 16:10:00;1;NULL;NULL;25
596;13;B0500054;F08401 Cache Functions for Quick Hire;10;2008-07-11 16:10:00;1;NULL;NULL;25
597;13;B0500090;Insert Point-In-Time Employee Master;10;2008-07-11 16:10:00;1;NULL;NULL;25
598;13;B0500091;F08041 Cache Source File;10;2008-07-11 16:10:00;1;NULL;NULL;25
599;13;B0500093;Point-In-Time Data Items/Values Cache;10;2008-07-11 16:10:00;1;NULL;NULL;25
600;13;B0500120;Clear Timecard, Check Control, DBA Cache;10;2008-07-11 16:10:00;1;NULL;NULL;25
601;13;B0500130;Write to Timecard Cache;10;2008-07-11 16:10:00;1;NULL;NULL;25
602;13;B0500131;Write to Check Control Cache;10;2008-07-11 16:10:00;1;NULL;NULL;25
603;13;B0500132;F06017 Fetch/Update Canadian Tax Info by EE;10;2008-07-11 16:10:00;1;NULL;NULL;25
604;13;B0500133;Start an EE Termination Workflow Process;10;2008-07-11 16:10:00;1;NULL;NULL;25
605;13;B0500134;Create Visio Diagram;10;2008-07-11 16:10:00;1;NULL;NULL;25
606;13;B0500135;Employee Termination Workflow Processing Options;10;2008-07-11 16:10:00;1;NULL;NULL;25
607;13;B0500139;Competency - Dynamic Calling of Review Forms;10;2008-07-11 16:10:00;1;NULL;NULL;25
608;13;B0500144;Competency - Scale In Use;10;2008-07-11 16:10:00;1;NULL;NULL;25
609;13;B0500145;Course Competency X-Reference Cache;10;2008-07-11 16:10:00;1;NULL;NULL;25
610;13;B0500180;Operating System File Operations Delete, Rename, File Exists;10;2008-07-11 16:10:00;1;NULL;NULL;25
611;13;B0500190;Send E-Mail - HRM;10;2008-07-11 16:10:00;1;NULL;NULL;25
612;13;B0500200;VOE Set E-Mail Errors;10;2008-07-11 16:10:00;1;NULL;NULL;25
613;13;B0500210;F06106 Labor Distribution Splits;10;2008-07-11 16:10:00;1;NULL;NULL;25
614;13;B0500220;Time Entry Cache;10;2008-07-11 16:10:00;1;NULL;NULL;25
615;13;B0500290;F00165 Retrieve Media Object Text for Workflow Process;10;2008-07-11 16:10:00;1;NULL;NULL;25
616;13;B0500320;Time Sheet Cache;10;2008-07-11 16:10:00;1;NULL;NULL;25
617;13;B0500360;Get Time Entry Application Processing Options;10;2008-07-11 16:10:00;1;NULL;NULL;25
618;13;B0500380;Employee/Supervisor Relationship Level Table Cache;10;2008-07-11 16:10:00;1;NULL;NULL;25
619;13;B0500420;Get Current Date and Time;10;2008-07-11 16:10:00;1;NULL;NULL;25
620;13;B0500425;Is Item In The Scale Master;10;2008-07-11 16:10:00;1;NULL;NULL;25
621;13;B0500450;Check Employee Master View Security;10;2008-07-11 16:10:00;1;NULL;NULL;25
622;13;B0500460;Get Max/Min Employees for VETS-100;10;2008-07-11 16:10:00;1;NULL;NULL;25
623;13;B0500540;Delete Employee Goal Media Objects;10;2008-07-11 16:10:00;1;NULL;NULL;25
624;13;B0500542;Retrieve Vertex Geo Codes;10;2008-07-11 16:10:00;1;NULL;NULL;25
625;13;B0500543;Validate Geo Code;10;2008-07-11 16:10:00;1;NULL;NULL;25
626;13;B0500546;Cache Job Numbers By BSFN Name;10;2008-07-11 16:10:00;1;NULL;NULL;25
627;13;B0500561;Cache ESS Common Data;10;2008-07-11 16:10:00;1;NULL;NULL;25
628;13;B0500570;Cache Personal Information Options;10;2008-07-11 16:10:00;1;NULL;NULL;25
629;13;B0500575;Employee MBF;10;2008-07-11 16:10:00;1;NULL;NULL;25
630;13;B0500620;F060120 Record Cache;10;2008-07-11 16:10:00;1;NULL;NULL;25
631;13;B0500630;F060120 Process Record Changes;10;2008-07-11 16:10:00;1;NULL;NULL;25
632;13;B0500650;DBA Processed Cache;10;2008-07-11 16:10:00;1;NULL;NULL;25
633;13;B0500655;Text Sub Error Two Math Numeric Specific Field Red;10;2008-07-11 16:10:00;1;NULL;NULL;25
634;13;B0500690;Parse Test String;10;2008-07-11 16:10:00;1;NULL;NULL;25
635;13;B0500715;HRM Workflow System Functions;10;2008-07-11 16:10:00;1;NULL;NULL;25
636;13;B0500720;Get System Date Format Mask;10;2008-07-11 16:10:00;1;NULL;NULL;25
637;13;B0500725;Mail Merge Web Runtime Functions;10;2008-07-11 16:10:00;1;NULL;NULL;25
638;13;B0500737;Future Data Print Record Work Cache;10;2008-07-11 16:10:00;1;NULL;NULL;25
639;13;B0500740;P05410 Misc Cache;10;2008-07-11 16:10:00;1;NULL;NULL;25
640;13;B0500755;Mail Merge Web Setup Functions;10;2008-07-11 16:10:00;1;NULL;NULL;25
641;13;B0500770;File Open Save;10;2008-07-11 16:10:00;1;NULL;NULL;25
642;13;B0500790;Is Item In Word Index Table;10;2008-07-11 16:10:00;1;NULL;NULL;25
643;13;B0500860;Labor and Burden Distribution Cache;10;2008-07-11 16:10:00;1;NULL;NULL;25
644;13;B0500885;Batch Upload Processed Records;10;2008-07-11 16:10:00;1;NULL;NULL;25
645;13;B0500890;Format UTime Variable;10;2008-07-11 16:10:00;1;NULL;NULL;25
646;15;B0700001;Create Stub Detail Records;10;2008-07-11 16:10:00;1;NULL;NULL;25
647;15;B0700002;Create Payment Distribution Records;10;2008-07-11 16:10:00;1;NULL;NULL;25
648;15;B0700003;Create PrePayroll Caches;10;2008-07-11 16:10:00;1;NULL;NULL;25
649;15;B0700004;Set Tax Calculation Inputs;10;2008-07-11 16:10:00;1;NULL;NULL;25
650;15;B0700005;Pre-Payroll DBA Calculation;10;2008-07-11 16:10:00;1;NULL;NULL;25
651;15;B0700006;Create Payroll Register Cache;10;2008-07-11 16:10:00;1;NULL;NULL;25
652;15;B0700008;Perform Tax Calculations;10;2008-07-11 16:10:00;1;NULL;NULL;25
653;15;B0700009;Create Tax Detail Records;10;2008-07-11 16:10:00;1;NULL;NULL;25
654;15;B0700010;Vertex Tax Calculations;10;2008-07-11 16:10:00;1;NULL;NULL;25
655;15;B0700011;Create Corporate ID Cache;10;2008-07-11 16:10:00;1;NULL;NULL;25
656;15;B0700012;Launch Generic Payroll Payment Programs;10;2008-07-11 16:10:00;1;NULL;NULL;25
657;15;B0700013;Create PDBA Cache History;10;2008-07-11 16:10:00;1;NULL;NULL;25
658;15;B0700014;Create Tax Workfile History;10;2008-07-11 16:10:00;1;NULL;NULL;25
659;15;B0700015;Create Summary Payroll Register Cache;10;2008-07-11 16:10:00;1;NULL;NULL;25
660;15;B0700016;DBA Lockout Function;10;2008-07-11 16:10:00;1;NULL;NULL;25
661;15;B0700017;Payment Shell Record Server;10;2008-07-11 16:10:00;1;NULL;NULL;25
662;15;B0700018;Pay Cycle Group Function;10;2008-07-11 16:10:00;1;NULL;NULL;25
663;15;B0700019;Lock Timecards Function;10;2008-07-11 16:10:00;1;NULL;NULL;25
664;15;B0700020;Create EE PDBA Cache;10;2008-07-11 16:10:00;1;NULL;NULL;25
665;15;B0700021;Employee Lockout Function;10;2008-07-11 16:10:00;1;NULL;NULL;25
666;15;B0700022;Reset Payroll - Full or by Employee;10;2008-07-11 16:10:00;1;NULL;NULL;25
667;15;B0700026;Create Caches For Payroll Journals;10;2008-07-11 16:10:00;1;NULL;NULL;25
668;15;B0700027;Auto Pay Generation Function;10;2008-07-11 16:10:00;1;NULL;NULL;25
669;15;B0700030;Clear Pre-Payroll Caches;10;2008-07-11 16:10:00;1;NULL;NULL;25
670;15;B0700031;Launch Payroll Reports Driver;10;2008-07-11 16:10:00;1;NULL;NULL;25
671;15;B0700038;Launch Pre-Payroll Driver;10;2008-07-11 16:10:00;1;NULL;NULL;25
672;15;B0700044;Retrieve/Write Payroll Version;10;2008-07-11 16:10:00;1;NULL;NULL;25
673;15;B0700048;Get and Move Decimal Position;10;2008-07-11 16:10:00;1;NULL;NULL;25
674;15;B0700052;Negative Payment Logic DBA Cache Module;10;2008-07-11 16:10:00;1;NULL;NULL;25
675;15;B0700058;Establish Connection to Vertex;10;2008-07-11 16:10:00;1;NULL;NULL;25
676;15;B0700059;Disconnect from Vertex;10;2008-07-11 16:10:00;1;NULL;NULL;25
677;15;B0700062;D/B/A Transaction Audit Summary Report Cache;10;2008-07-11 16:10:00;1;NULL;NULL;25
678;15;B0700067;Certified Payroll Register Caching;10;2008-07-11 16:10:00;1;NULL;NULL;25
679;15;B0700068;CPR Cache and Other Functions;10;2008-07-11 16:10:00;1;NULL;NULL;25
680;15;B0700069;Health & Welfare by Employee Caching;10;2008-07-11 16:10:00;1;NULL;NULL;25
681;15;B0700104;Create Tax History Cache;10;2008-07-11 16:10:00;1;NULL;NULL;25
682;15;B0700160;Paycheck Recon Amounts Not Equal Report;10;2008-07-11 16:10:00;1;NULL;NULL;25
683;15;B0700161;Create GL Bank Account Cache;10;2008-07-11 16:10:00;1;NULL;NULL;25
684;15;B0700180;F069076 Union Liability Report Pay Type Cache;10;2008-07-11 16:10:00;1;NULL;NULL;25
685;15;B0700210;H & W Report by Provider and Employee Cache;10;2008-07-11 16:10:00;1;NULL;NULL;25
686;15;B0700240;Launch New Hire And State Unemployment Reports;10;2008-07-11 16:10:00;1;NULL;NULL;25
687;15;B0700241;Launch New Hire and State Unemployment Detail Files;10;2008-07-11 16:10:00;1;NULL;NULL;25
688;15;B0700320;Process Child Support Cache;10;2008-07-11 16:10:00;1;NULL;NULL;25
689;15;B0700370;Add Records to the DBA Detail Cache;10;2008-07-11 16:10:00;1;NULL;NULL;25
690;15;B0700500;Adjust State Wages;10;2008-07-11 16:10:00;1;NULL;NULL;25
691;15;B0700511;Delete Year End Records by Year - End ID and Year;10;2008-07-11 16:10:00;1;NULL;NULL;25
692;15;B0700540;Summarize Detail;10;2008-07-11 16:10:00;1;NULL;NULL;25
693;15;B0700560;W2 Allocate Federal Wages;10;2008-07-11 16:10:00;1;NULL;NULL;25
694;15;B0700590;Assign Control Number;10;2008-07-11 16:10:00;1;NULL;NULL;25
695;15;B0700630;Year-End Build;10;2008-07-11 16:10:00;1;NULL;NULL;25
696;15;B0700660;Update Employee to F07800;10;2008-07-11 16:10:00;1;NULL;NULL;25
697;15;B0700670;Update W2 Summary Workfiles;10;2008-07-11 16:10:00;1;NULL;NULL;25
698;15;B0700690;Write/Read Rollover PDBA Cache;10;2008-07-11 16:10:00;1;NULL;NULL;25
699;15;B0700700;Launch Audit Reports & Special Forms;10;2008-07-11 16:10:00;1;NULL;NULL;25
700;15;B0700710;Payroll Month Rollover;10;2008-07-11 16:10:00;1;NULL;NULL;25
701;15;B0700711;Calendar Month Rollover;10;2008-07-11 16:10:00;1;NULL;NULL;25
702;15;B0700720;Read/Write to Exception Report Cache;10;2008-07-11 16:10:00;1;NULL;NULL;25
703;15;B0700760;Retrieve the Default Data Dictionary field;10;2008-07-11 16:10:00;1;NULL;NULL;25
704;15;B0700770;Void and Reissue Cache;10;2008-07-11 16:10:00;1;NULL;NULL;25
705;15;B0700780;Launch Generic Year-End Programs;10;2008-07-11 16:10:00;1;NULL;NULL;25
706;15;B0700790;Reset Print Date Cache;10;2008-07-11 16:10:00;1;NULL;NULL;25
707;15;B0700800;Launch Reset Payroll - Full or by Employee;10;2008-07-11 16:10:00;1;NULL;NULL;25
708;15;B0700840;Get US Year-End Workbench Processing Options;10;2008-07-11 16:10:00;1;NULL;NULL;25
709;15;B0700850;Cache for storing W-2C's state records;10;2008-07-11 16:10:00;1;NULL;NULL;25
710;15;B0700860;Cache for storing W-2C's Local records;10;2008-07-11 16:10:00;1;NULL;NULL;25
711;15;B0700880;PDBACacheUpdate;10;2008-07-11 16:10:00;1;NULL;NULL;25
712;15;B0700900;Benefit Summary Cache Processing;10;2008-07-11 16:10:00;1;NULL;NULL;25
713;15;B0700920;Retrieve AAI for Journals;10;2008-07-11 16:10:00;1;NULL;NULL;25
714;15;B0700922;Add/Update Tax Detail Cache;10;2008-07-11 16:10:00;1;NULL;NULL;25
715;15;B0700930;W-2 Summary Report Cache;10;2008-07-11 16:10:00;1;NULL;NULL;25
716;15;B0700931;Perform Gross Up Calculation;10;2008-07-11 16:10:00;1;NULL;NULL;25
717;15;B0700950;W-2 Special Handling Cache;10;2008-07-11 16:10:00;1;NULL;NULL;25
718;15;B0700970;Burden Cache Processing for Job Billing H&W Sum;10;2008-07-11 16:10:00;1;NULL;NULL;25
719;15;B0701000;Tax History PDBA Cache;10;2008-07-11 16:10:00;1;NULL;NULL;25
720;15;B0701010;Convert Tax Method for Contract/Pension Employees;10;2008-07-11 16:10:00;1;NULL;NULL;25
721;15;B0701040;ADP EE Gender Count Cache;10;2008-07-11 16:10:00;1;NULL;NULL;25
722;15;B0701050;ADP Quarter and Year to Date Totals;10;2008-07-11 16:10:00;1;NULL;NULL;25
723;15;B0701060;ADP File Conversion;10;2008-07-11 16:10:00;1;NULL;NULL;25
724;15;B0701070;Update History;10;2008-07-11 16:10:00;1;NULL;NULL;25
725;15;B0701100;Get Current Amount for Accrual Code;10;2008-07-11 16:10:00;1;NULL;NULL;25
726;15;B0701140;Load Rollover Definition Cache;10;2008-07-11 16:10:00;1;NULL;NULL;25
727;15;B0701145;Fetch Rollover Definition Cache Entry;10;2008-07-11 16:10:00;1;NULL;NULL;25
728;15;B0701150;Launch Interim Calculations;10;2008-07-11 16:10:00;1;NULL;NULL;25
729;15;B0701160;Calculate Pay Period Begin Date;10;2008-07-11 16:10:00;1;NULL;NULL;25
730;15;B0701180;Retrieve Corporate Tax ID;10;2008-07-11 16:10:00;1;NULL;NULL;25
731;15;B0701200;Update Employment Insurance History;10;2008-07-11 16:10:00;1;NULL;NULL;25
732;15;B0701210;Correct Tax History Type in History Files;10;2008-07-11 16:10:00;1;NULL;NULL;25
733;15;B0701230;Populate Tax Area Table with Geocodes;10;2008-07-11 16:10:00;1;NULL;NULL;25
734;15;B0701260;Validate PTO Availability;10;2008-07-11 16:10:00;1;NULL;NULL;25
735;15;B0701310;Leave Request Entry;10;2008-07-11 16:10:00;1;NULL;NULL;25
736;15;B0701320;ADP PDBA Type Cache;10;2008-07-11 16:10:00;1;NULL;NULL;25
737;15;B0701330;ADP Local Code Cache;10;2008-07-11 16:10:00;1;NULL;NULL;25
738;15;B0701340;ADP QTD and YTD Totals;10;2008-07-11 16:10:00;1;NULL;NULL;25
739;15;B0701350;ADP Payroll Tax Area Profile Cache;10;2008-07-11 16:10:00;1;NULL;NULL;25
740;15;B0701400;ADP Local EE Taxable Already Calculated Cache;10;2008-07-11 16:10:00;1;NULL;NULL;25
741;15;B0701420;Launch State Magnetic Media;10;2008-07-11 16:10:00;1;NULL;NULL;25
742;15;B0701430;Burden Cache Processing for Job Billing Summary;10;2008-07-11 16:10:00;1;NULL;NULL;25
743;15;B0701440;Burden Cache Processing for Job Billing Register;10;2008-07-11 16:10:00;1;NULL;NULL;25
744;15;B0701450;Create What If Caches;10;2008-07-11 16:10:00;1;NULL;NULL;25
745;15;B0701460;Timecard Leave Request Change;10;2008-07-11 16:10:00;1;NULL;NULL;25
746;15;B0701470;Reset Interim ID-Full or by Employee-To be Obsoleted;10;2008-07-11 16:10:00;1;NULL;NULL;25
747;15;B0701480;Launch Reset Interim ID - Full or by Employee;10;2008-07-11 16:10:00;1;NULL;NULL;25
748;15;B0701490;Write to Tax Override Cache;10;2008-07-11 16:10:00;1;NULL;NULL;25
749;15;B0701520;Process Interactive Interims Driver;10;2008-07-11 16:10:00;1;NULL;NULL;25
750;15;B0701530;Benefit Accrual Roster DBA Cache;10;2008-07-11 16:10:00;1;NULL;NULL;25
751;15;B0701540;Launch Reports Driver UBE;10;2008-07-11 16:10:00;1;NULL;NULL;25
752;15;B0701550;Launch Reset Interim Payment Header;10;2008-07-11 16:10:00;1;NULL;NULL;25
753;15;B0701570;Change Flat File Name Business Function;10;2008-07-11 16:10:00;1;NULL;NULL;25
754;15;B0701580;ADP Fetch EE Info;10;2008-07-11 16:10:00;1;NULL;NULL;25
755;15;B0701590;ADP PDBA SPW2 Cache;10;2008-07-11 16:10:00;1;NULL;NULL;25
756;15;B0701600;Cache State and Local Amounts;10;2008-07-11 16:10:00;1;NULL;NULL;25
757;15;B0701630;Create Historical Payroll Register Cache;10;2008-07-11 16:10:00;1;NULL;NULL;25
758;15;B0701640;Retrieve Canadian TAXX ID for Rollover;10;2008-07-11 16:10:00;1;NULL;NULL;25
759;15;B0701660;Pay Stub PTO Balances;10;2008-07-11 16:10:00;1;NULL;NULL;25
760;15;B0701730;Populate Vertex Filing Status;10;2008-07-11 16:10:00;1;NULL;NULL;25
761;15;B0701740;Year End Convert String to Math Numeric;10;2008-07-11 16:10:00;1;NULL;NULL;25
762;15;B0701750;Launch Year-End Rollover;10;2008-07-11 16:10:00;1;NULL;NULL;25
763;15;B0701760;Create Default Burden Timecards;10;2008-07-11 16:10:00;1;NULL;NULL;25
764;15;B0701770;ADP String Length;10;2008-07-11 16:10:00;1;NULL;NULL;25
765;15;B0701800;Process Multiple Wage Attachment Rules;10;2008-07-11 16:10:00;1;NULL;NULL;25
766;15;B0701820;Payroll Table Conversion Functions;10;2008-07-11 16:10:00;1;NULL;NULL;25
767;15;B0701830;Void and Reissue Payments;10;2008-07-11 16:10:00;1;NULL;NULL;25
768;15;B0701840;Reset CPP QPP Exemption F0701740;10;2008-07-11 16:10:00;1;NULL;NULL;25
769;15;B0701850;Create Wyoming Corporate Officer Cache;10;2008-07-11 16:10:00;1;NULL;NULL;25
770;15;B0701860;Purge F07355 Records;10;2008-07-11 16:10:00;1;NULL;NULL;25
771;15;B0701870;Launch Purge F07355 Records;10;2008-07-11 16:10:00;1;NULL;NULL;25
772;15;B0701880;Launch Void and Reissue Payments UBE;10;2008-07-11 16:10:00;1;NULL;NULL;25
773;15;B0701890;Determine FMLA Date Range;10;2008-07-11 16:10:00;1;NULL;NULL;25
774;15;B0701930;Create Workers' Comp Repost Cache;10;2008-07-11 16:10:00;1;NULL;NULL;25
775;16;B0800001;Math Numeric to String;10;2008-07-11 16:10:00;1;NULL;NULL;25
776;16;B0800002;Trim to Char;10;2008-07-11 16:10:00;1;NULL;NULL;25
777;16;B0800007;Delete Employee Related Tables;10;2008-07-11 16:10:00;1;NULL;NULL;25
778;16;B0800010;Get Organizational Assignment Processing Opts P0801ORG;10;2008-07-11 16:10:00;1;NULL;NULL;25
779;16;B0800011;Get Tax Area Description;10;2008-07-11 16:10:00;1;NULL;NULL;25
780;16;B0800012;Get Job Type Description;10;2008-07-11 16:10:00;1;NULL;NULL;25
781;16;B0800013;Convert String To Date;10;2008-07-11 16:10:00;1;NULL;NULL;25
782;16;B0800016;HR History - Write Record to JDECache - Segment 1;10;2008-07-11 16:10:00;1;NULL;NULL;25
783;16;B0800017;HR History - Process EE Master Changes -Segment 1;10;2008-07-11 16:10:00;1;NULL;NULL;25
784;16;B0800018;HR History - Write Additional Information to JDECache;10;2008-07-11 16:10:00;1;NULL;NULL;25
785;16;B0800019;HR History - Write Record to JDECache - Segment 2;10;2008-07-11 16:10:00;1;NULL;NULL;25
786;16;B0800020;HR History - Process EE Master Changes - Segment 2;10;2008-07-11 16:10:00;1;NULL;NULL;25
787;16;B0800021;HR History - Disable/Enable History Triggers;10;2008-07-11 16:10:00;1;NULL;NULL;25
788;16;B0800022;HR History - Format History Data;10;2008-07-11 16:10:00;1;NULL;NULL;25
789;16;B0800026;Supplemental Data Multiskill Search;10;2008-07-11 16:10:00;1;NULL;NULL;25
790;16;B0800027;Next Supplemental Data Multiskill Search Result;10;2008-07-11 16:10:00;1;NULL;NULL;25
791;16;B0800028;Caching Parameters;10;2008-07-11 16:10:00;1;NULL;NULL;25
792;16;B0800029;Calculate Plan Amount Cache;10;2008-07-11 16:10:00;1;NULL;NULL;25
793;16;B0800030;F08330 Transaction Business Function Cache;10;2008-07-11 16:10:00;1;NULL;NULL;25
794;16;B0800031;Plan Status Cache;10;2008-07-11 16:10:00;1;NULL;NULL;25
795;16;B0800032;Position Control Monitor - Parameter Cacheing;10;2008-07-11 16:10:00;1;NULL;NULL;25
796;16;B0800033;Position Control Monitor - Launch;10;2008-07-11 16:10:00;1;NULL;NULL;25
797;16;B0800034;Accumulate Benefit Categories - Cache;10;2008-07-11 16:10:00;1;NULL;NULL;25
798;16;B0800040;Calculate Plan Amount;10;2008-07-11 16:10:00;1;NULL;NULL;25
799;16;B0800078;Caching for Benefits Enrollment;10;2008-07-11 16:10:00;1;NULL;NULL;25
800;16;B0800086;Cache Elected Plans Requiring Dependents/Beneficiaries;10;2008-07-11 16:10:00;1;NULL;NULL;25
801;16;B0800099;Cache Alias Functions To Calculate DBA's;10;2008-07-11 16:10:00;1;NULL;NULL;25
802;16;B0800105;Get Employee Master Processing Options P0801;10;2008-07-11 16:10:00;1;NULL;NULL;25
803;16;B0800111;Cache Affirmative Action Report Totals;10;2008-07-11 16:10:00;1;NULL;NULL;25
804;16;B0800114;Get Applicant Master Processing Options;10;2008-07-11 16:10:00;1;NULL;NULL;25
805;16;B0800118;Start Employee Setup Task WF;10;2008-07-11 16:10:00;1;NULL;NULL;25
806;16;B0800120;Benefit Statement Mail Merge;10;2008-07-11 16:10:00;1;NULL;NULL;25
807;16;B0800131;Start Setup Task App;10;2008-07-11 16:10:00;1;NULL;NULL;25
808;16;B0800132;Employee Setup Media Objects;10;2008-07-11 16:10:00;1;NULL;NULL;25
809;16;B0800137;Get Employee Setup Processing Options;10;2008-07-11 16:10:00;1;NULL;NULL;25
810;16;B0800138;Start Employee Setup UBE;10;2008-07-11 16:10:00;1;NULL;NULL;25
811;16;B0800140;Create Email Text String;10;2008-07-11 16:10:00;1;NULL;NULL;25
812;16;B0800142;Get F08711 MO Text;10;2008-07-11 16:10:00;1;NULL;NULL;25
813;16;B0800144;Create UBE RI Mapping String;10;2008-07-11 16:10:00;1;NULL;NULL;25
814;16;B0800149;Cache Establishments for OSHA Reports;10;2008-07-11 16:10:00;1;NULL;NULL;25
815;16;B0800151;Cache Job And Competency Tree Structure;10;2008-07-11 16:10:00;1;NULL;NULL;25
816;16;B0800154;Cache Job Competencies For All Organizational Levels;10;2008-07-11 16:10:00;1;NULL;NULL;25
817;16;B0800157;Job Competency Description;10;2008-07-11 16:10:00;1;NULL;NULL;25
818;16;B0800158;Determine Existence And Delete Job Competency Description;10;2008-07-11 16:10:00;1;NULL;NULL;25
819;16;B0800161;Process Employee Status Change;10;2008-07-11 16:10:00;1;NULL;NULL;25
820;16;B0800162;Run Managerial Reports Dynamic;10;2008-07-11 16:10:00;1;NULL;NULL;25
821;16;B0800163;Get Employee Status Change Processing Options;10;2008-07-11 16:10:00;1;NULL;NULL;25
822;16;B0800164;Employee Address Number Cache;10;2008-07-11 16:10:00;1;NULL;NULL;25
823;16;B0800165;Subordinate Cache;10;2008-07-11 16:10:00;1;NULL;NULL;25
824;16;B0800166;Get Job Competency Workbench Processing Options P08006;10;2008-07-11 16:10:00;1;NULL;NULL;25
825;16;B0800168;Get Employee Master Specific Data Item;10;2008-07-11 16:10:00;1;NULL;NULL;25
826;16;B0800183;GT08812 Delete Generic Text;10;2008-07-11 16:10:00;1;NULL;NULL;25
827;16;B0800190;Employee by Detail Cache;10;2008-07-11 16:10:00;1;NULL;NULL;25
828;16;B0800191;Status Change Category Code Cache;10;2008-07-11 16:10:00;1;NULL;NULL;25
829;16;B0800197;Validate Report DS;10;2008-07-11 16:10:00;1;NULL;NULL;25
830;16;B0800198;Launch Employee Status Change;10;2008-07-11 16:10:00;1;NULL;NULL;25
831;16;B0800199;Compensation Root Work Table Cache;10;2008-07-11 16:10:00;1;NULL;NULL;25
832;16;B0800203;F00092 Delete Generic Header Text File;10;2008-07-11 16:10:00;1;NULL;NULL;25
833;16;B0800207;Create GT08720 Status Change Media Object;10;2008-07-11 16:10:00;1;NULL;NULL;25
834;16;B0800208;Convert Status Change String Date to Date Format;10;2008-07-11 16:10:00;1;NULL;NULL;25
835;16;B0800209;Delete Status Change GT98865A Mo;10;2008-07-11 16:10:00;1;NULL;NULL;25
836;16;B0800210;Effective On and Change Reason Cache for Applicant Hire;10;2008-07-11 16:10:00;1;NULL;NULL;25
837;16;B0800213;Cache Gap Analysis;10;2008-07-11 16:10:00;1;NULL;NULL;25
838;16;B0800221;Cache Plan ID By Group And Category;10;2008-07-11 16:10:00;1;NULL;NULL;25
839;16;B0800222;Cache Job Competency Option Weighted Percentages;10;2008-07-11 16:10:00;1;NULL;NULL;25
840;16;B0800255;COBRA Qualifying Event Rules Engine;10;2008-07-11 16:10:00;1;NULL;NULL;25
841;16;B0800265;Get Processing Options from Enrollment Overrides P08330;10;2008-07-11 16:10:00;1;NULL;NULL;25
842;16;B0800266;Initialize Payroll Cache For Benefits;10;2008-07-11 16:10:00;1;NULL;NULL;25
843;16;B0800278;Write To JDEDEBUG Log file;10;2008-07-11 16:10:00;1;NULL;NULL;25
844;16;B0800281;Retrieve COBRA Constants;10;2008-07-11 16:10:00;1;NULL;NULL;25
845;16;B0800283;Self-Service Process Script Cache;10;2008-07-11 16:10:00;1;NULL;NULL;25
846;16;B0800284;Dependent Beneficiary Cache;10;2008-07-11 16:10:00;1;NULL;NULL;25
847;16;B0800285;Available Plans Enrollment Cache;10;2008-07-11 16:10:00;1;NULL;NULL;25
848;16;B0800286;Personal Information Cache;10;2008-07-11 16:10:00;1;NULL;NULL;25
849;16;B0800287;Confirmation Statement Cache;10;2008-07-11 16:10:00;1;NULL;NULL;25
850;16;B0800291;ESS Phone Number Cache;10;2008-07-11 16:10:00;1;NULL;NULL;25
851;16;B0800292;Emergency Contact Cache;10;2008-07-11 16:10:00;1;NULL;NULL;25
852;16;B0800295;Enhanced Cache Plan ID By Group And Category;10;2008-07-11 16:10:00;1;NULL;NULL;25
853;16;B0800299;Employee Self Service Benefits Workflow Approval;10;2008-07-11 16:10:00;1;NULL;NULL;25
854;16;B0800300;Send Benefits Confirmation;10;2008-07-11 16:10:00;1;NULL;NULL;25
855;16;B0800301;Set Error Action Step 499Z or 499U or 499W;10;2008-07-11 16:10:00;1;NULL;NULL;25
856;16;B0800303;Generate Employee E-Signature;10;2008-07-11 16:10:00;1;NULL;NULL;25
857;16;B0800310;Relationship Cache;10;2008-07-11 16:10:00;1;NULL;NULL;25
858;16;B0800342;Update ESS Work Files;10;2008-07-11 16:10:00;1;NULL;NULL;25
859;16;B0800360;Disable/Enable Position Control for Applicant;10;2008-07-11 16:10:00;1;NULL;NULL;25
860;16;B0800363;Participant Enrollment Work Cache;10;2008-07-11 16:10:00;1;NULL;NULL;25
861;16;B0800366;Text Substitution Error;10;2008-07-11 16:10:00;1;NULL;NULL;25
862;16;B0800370;Retrieve P085568 Processing Options;10;2008-07-11 16:10:00;1;NULL;NULL;25
863;16;B0800372;Get P085563 Processing Options;10;2008-07-11 16:10:00;1;NULL;NULL;25
864;16;B0800379;Changed Data Item Cache;10;2008-07-11 16:10:00;1;NULL;NULL;25
865;16;B0800383;Get POs for Enrollment Overrides for Enhanced ESS;10;2008-07-11 16:10:00;1;NULL;NULL;25
866;16;B0800387;Create Data Item List;10;2008-07-11 16:10:00;1;NULL;NULL;25
867;16;B0800389;Format Director Next Step String;10;2008-07-11 16:10:00;1;NULL;NULL;25
868;16;B0800402;Get Decimal Position;10;2008-07-11 16:10:00;1;NULL;NULL;25
869;16;B0800410;Batch Employee Master History Cache;10;2008-07-11 16:10:00;1;NULL;NULL;25
870;16;B0800430;Call User Defined Eligibility Function;10;2008-07-11 16:10:00;1;NULL;NULL;25
871;16;B0800440;W-4 Cache;10;2008-07-11 16:10:00;1;NULL;NULL;25
872;16;B0800445;Write Org Chart Data;10;2008-07-11 16:10:00;1;NULL;NULL;25
873;16;B0800455;Cache Process COBRA Status;10;2008-07-11 16:10:00;1;NULL;NULL;25
874;16;B0800490;Text Substitution Error 9;10;2008-07-11 16:10:00;1;NULL;NULL;25
875;16;B0800510;Eligibility Cache F08390;10;2008-07-11 16:10:00;1;NULL;NULL;25
876;16;B0800520;Category Within Benefit Groups Cache F08350/B;10;2008-07-11 16:10:00;1;NULL;NULL;25
877;16;B0800530;Generic Message Rate Cache F00191;10;2008-07-11 16:10:00;1;NULL;NULL;25
878;16;B0800550;Mandatory Default Plan Cache;10;2008-07-11 16:10:00;1;NULL;NULL;25
879;16;B0800555;Retrieve 2nd Description for NAICS Code;10;2008-07-11 16:10:00;1;NULL;NULL;25
880;16;B0800565;Is Plan Id In Plan Control Table;10;2008-07-11 16:10:00;1;NULL;NULL;25
881;16;B0800585;Plan/Option/Tag Table Cache;10;2008-07-11 16:10:00;1;NULL;NULL;25
882;16;B0800595;Transfer Attachments for Applicant or Employee;10;2008-07-11 16:10:00;1;NULL;NULL;25
883;16;B0800600;Delete Job Posting;10;2008-07-11 16:10:00;1;NULL;NULL;25
884;16;B0800601;Applicant Login Cache;10;2008-07-11 16:10:00;1;NULL;NULL;25
885;16;B0800602;Get Data Item Glossary - 1200 Char;10;2008-07-11 16:10:00;1;NULL;NULL;25
886;16;B0800603;HRM Send E-Mail - JDE_SendEMailSMTPExt;10;2008-07-11 16:10:00;1;NULL;NULL;25
887;16;B0800605;Fetch and Add Requisition Media Objects;10;2008-07-11 16:10:00;1;NULL;NULL;25
888;16;B0800610;Browse Job Postings Retrieve Record Count C Function;10;2008-07-11 16:10:00;1;NULL;NULL;25
889;16;B0800620;Send Final E-mail Confirmation BSFN;10;2008-07-11 16:10:00;1;NULL;NULL;25
890;16;B0800670;Send Confirmation Email to Recruiter;10;2008-07-11 16:10:00;1;NULL;NULL;25
891;16;B0800730;E-mail Job Posting BSFN;10;2008-07-11 16:10:00;1;NULL;NULL;25
892;16;B0800735;Get Time of Day in Seconds BSFN;10;2008-07-11 16:10:00;1;NULL;NULL;25
893;16;B0800750;Search For String in String;10;2008-07-11 16:10:00;1;NULL;NULL;25
894;16;B0800760;eRecruit Login Operations;10;2008-07-11 16:10:00;1;NULL;NULL;25
895;16;B0800780;Strip Special Characters from String;10;2008-07-11 16:10:00;1;NULL;NULL;25
896;16;B0800790;Applicant Personal Information Cache;10;2008-07-11 16:10:00;1;NULL;NULL;25
897;16;B0800800;Encryption Key Table Operations (F08406);10;2008-07-11 16:10:00;1;NULL;NULL;25
898;16;B0800810;Get P08400 Processing Options;10;2008-07-11 16:10:00;1;NULL;NULL;25
899;16;B080301;HR History Monitor - Write to History;10;2008-07-11 16:10:00;1;NULL;NULL;25
900;17;B0900002;Journal Entry Out Of Balance;10;2008-07-11 16:10:00;1;NULL;NULL;25
901;17;B0900003;Reversing Entry Date;10;2008-07-11 16:10:00;1;NULL;NULL;25
902;17;B0900006;Refresh Reconcile;10;2008-07-11 16:10:00;1;NULL;NULL;25
903;17;B0900007;Compare GL Date to Stop Date;10;2008-07-11 16:10:00;1;NULL;NULL;25
904;17;B0900008;Return Account Balance;10;2008-07-11 16:10:00;1;NULL;NULL;25
905;17;B0900009;Retrieve Companys Begin Date;10;2008-07-11 16:10:00;1;NULL;NULL;25
906;17;B0900011;F0911 - FS - Retrieve F0901 Data;10;2008-07-11 16:10:00;1;NULL;NULL;25
907;17;B0900013;Update Reconcile;10;2008-07-11 16:10:00;1;NULL;NULL;25
908;17;B0900018;F0911 - FS - Retrieve Current Time;10;2008-07-11 16:10:00;1;NULL;NULL;25
909;17;B0900019;Is Third Account Number Unique;10;2008-07-11 16:10:00;1;NULL;NULL;25
910;17;B0900020;Checks for the existence of a F0912 record;10;2008-07-11 16:10:00;1;NULL;NULL;25
911;17;B0900023;F0911 - FS - Retrieve Company Master Data;10;2008-07-11 16:10:00;1;NULL;NULL;25
912;17;B0900026;Void Journal Entry;10;2008-07-11 16:10:00;1;NULL;NULL;25
913;17;B0900027;Validate - Delete Account;10;2008-07-11 16:10:00;1;NULL;NULL;25
914;17;B0900028;Reconcile Ledger File;10;2008-07-11 16:10:00;1;NULL;NULL;25
915;17;B0900031;Delete G/L Transaction From F0911;10;2008-07-11 16:10:00;1;NULL;NULL;25
916;17;B0900034;Get Begin End P L Range;10;2008-07-11 16:10:00;1;NULL;NULL;25
917;17;B0900035;Get and Validate Retained Earnings Account;10;2008-07-11 16:10:00;1;NULL;NULL;25
918;17;B0900037;Validate - Delete JE Document;10;2008-07-11 16:10:00;1;NULL;NULL;25
919;17;B0900038;Edit Business Unit Posting Edit Code;10;2008-07-11 16:10:00;1;NULL;NULL;25
920;17;B0900039;Check for the existence of a F912A record;10;2008-07-11 16:10:00;1;NULL;NULL;25
921;17;B0900040;Check for existence of 912B record;10;2008-07-11 16:10:00;1;NULL;NULL;25
922;17;B0900041;Write to CA Ledger;10;2008-07-11 16:10:00;1;NULL;NULL;25
923;17;B0900043;Retrieve CA Amount;10;2008-07-11 16:10:00;1;NULL;NULL;25
924;17;B0900044;Accumulate Accounts of Greater LOD;10;2008-07-11 16:10:00;1;NULL;NULL;25
925;17;B0900045;Validate User Defined Codes;10;2008-07-11 16:10:00;1;NULL;NULL;25
926;17;B0900046;Delete Indexed Computations;10;2008-07-11 16:10:00;1;NULL;NULL;25
927;17;B0900047;Process Trial Balance Totalling Array;10;2008-07-11 16:10:00;1;NULL;NULL;25
928;17;B0900048;Retained Earnings +;10;2008-07-11 16:10:00;1;NULL;NULL;25
929;17;B0900049;Journal Entry;10;2008-07-11 16:10:00;1;NULL;NULL;25
930;17;B0900050;Accumulate Balance Forward and Prior Year Postings;10;2008-07-11 16:10:00;1;NULL;NULL;25
931;17;B0900051;Assign Category Codes;10;2008-07-11 16:10:00;1;NULL;NULL;25
932;17;B0900052;Write F09218 Header Record;10;2008-07-11 16:10:00;1;NULL;NULL;25
933;17;B0900053;Duplicate Business Unit;10;2008-07-11 16:10:00;1;NULL;NULL;25
934;17;B0900054;Write F092181 Detail Record;10;2008-07-11 16:10:00;1;NULL;NULL;25
935;17;B0900055;Edit For Posting;10;2008-07-11 16:10:00;1;NULL;NULL;25
936;17;B0900056;Process Reconciliatios Header;10;2008-07-11 16:10:00;1;NULL;NULL;25
937;17;B0900057;Retrieve Total Account Balance;10;2008-07-11 16:10:00;1;NULL;NULL;25
938;17;B0900058;Recurring Frequency Update;10;2008-07-11 16:10:00;1;NULL;NULL;25
939;17;B0900059;Account Ledger Foreign Ledger Type Match;10;2008-07-11 16:10:00;1;NULL;NULL;25
940;17;B0900060;Return Account Balances Periods;10;2008-07-11 16:10:00;1;NULL;NULL;25
941;17;B0900061;Update F0912 G/L Date;10;2008-07-11 16:10:00;1;NULL;NULL;25
942;17;B0900062;Update F0912A G/L Date;10;2008-07-11 16:10:00;1;NULL;NULL;25
943;17;B0900064;Flex Code Mapping - Business Unit/Object/Subsidiary;10;2008-07-11 16:10:00;1;NULL;NULL;25
944;17;B0900065;Level of Detail Totaling Processes;10;2008-07-11 16:10:00;1;NULL;NULL;25
945;17;B0900066;F09UI008 - Clear Stack;10;2008-07-11 16:10:00;1;NULL;NULL;25
946;17;B0900068;Trial Balance Accumulate LOD;10;2008-07-11 16:10:00;1;NULL;NULL;25
947;17;B0900069;F0911 Retrieve Records;10;2008-07-11 16:10:00;1;NULL;NULL;25
948;17;B0900070;Update Flex System Constant;10;2008-07-11 16:10:00;1;NULL;NULL;25
949;17;B0900072;Retrieve ANI for Mode Symbol Constants;10;2008-07-11 16:10:00;1;NULL;NULL;25
950;17;B0900073;Dynamic Account Creation;10;2008-07-11 16:10:00;1;NULL;NULL;25
951;17;B0900075;F0901D Update Account Translation;10;2008-07-11 16:10:00;1;NULL;NULL;25
952;17;B0900077;F0901D Edit Account Translation;10;2008-07-11 16:10:00;1;NULL;NULL;25
953;17;B0900078;F0917 Delete Bank Statement Detail;10;2008-07-11 16:10:00;1;NULL;NULL;25
954;17;B0900079;F0912A Update G/L Date Budget FY;10;2008-07-11 16:10:00;1;NULL;NULL;25
955;17;B0900080;F4008 - Get GL Tax Account;10;2008-07-11 16:10:00;1;NULL;NULL;25
956;17;B0900081;F0012 AAI Interim Totals Cache;10;2008-07-11 16:10:00;1;NULL;NULL;25
957;17;B0900083;F0911 Update Detail Cache ALT9;10;2008-07-11 16:10:00;1;NULL;NULL;25
958;17;B0900084;F0911 Recalc FY/PN CO#;10;2008-07-11 16:10:00;1;NULL;NULL;25
959;17;B0900085;Retrieve Ptr To F0911 Record;10;2008-07-11 16:10:00;1;NULL;NULL;25
960;17;B0900086;Asset Number Change;10;2008-07-11 16:10:00;1;NULL;NULL;25
961;17;B0900087;Multi Ledger Account Balance Calculate;10;2008-07-11 16:10:00;1;NULL;NULL;25
962;17;B0900088;F0916 Retrieve Prev Stmnt End Bal;10;2008-07-11 16:10:00;1;NULL;NULL;25
963;17;B0900090;Trial Balance Calculate Balances;10;2008-07-11 16:10:00;1;NULL;NULL;25
964;17;B0900091;F0902B Update Account Balances;10;2008-07-11 16:10:00;1;NULL;NULL;25
965;17;B0900094;Cache Trial Balance Date Info;10;2008-07-11 16:10:00;1;NULL;NULL;25
966;17;B0900096;Get Journal Entry MBF Processing Options;10;2008-07-11 16:10:00;1;NULL;NULL;25
967;17;B0900097;F0006-AddToCacheForTreeSt;10;2008-07-11 16:10:00;1;NULL;NULL;25
968;17;B0900098;F0006 Retrieve From Cache For Tree St;10;2008-07-11 16:10:00;1;NULL;NULL;25
969;17;B0900099;F0006-Update Records Using Tree Structure;10;2008-07-11 16:10:00;1;NULL;NULL;25
970;17;B0900101;Online Consolidations Calculate Balances;10;2008-07-11 16:10:00;1;NULL;NULL;25
971;17;B0900102;Write to JDE Log;10;2008-07-11 16:10:00;1;NULL;NULL;25
972;17;B0900103;F0011 - Update Batch For GL Post;10;2008-07-11 16:10:00;1;NULL;NULL;25
973;17;B0900104;F0901 - Retrieve Account Master Infor for GL Post;10;2008-07-11 16:10:00;1;NULL;NULL;25
974;17;B0900105;F0911 - Update Posted Code for G/L Post;10;2008-07-11 16:10:00;1;NULL;NULL;25
975;17;B0900108;Journal Entry PN/FY/CTRY;10;2008-07-11 16:10:00;1;NULL;NULL;25
976;17;B0900110;Validate Company in Configured Hub;10;2008-07-11 16:10:00;1;NULL;NULL;25
977;17;B0900127;F09UI015 Delete Multi Tiered records;10;2008-07-11 16:10:00;1;NULL;NULL;25
978;17;B0900131;Cache Debit and Credit Entries for Manual Reconciliation;10;2008-07-11 16:10:00;1;NULL;NULL;25
979;17;B0900143;Delete F0911 Records;10;2008-07-11 16:10:00;1;NULL;NULL;25
980;17;B0900144;F0008B Get Date Pattern Record;10;2008-07-11 16:10:00;1;NULL;NULL;25
981;17;B0900151;F0902 Indexed Computation Budget Amount Cache;10;2008-07-11 16:10:00;1;NULL;NULL;25
982;17;B0900153;Retrieve AAIs Beginning Ending Revenues;10;2008-07-11 16:10:00;1;NULL;NULL;25
983;17;B0900154;Account Master Search Word Occurrence;10;2008-07-11 16:10:00;1;NULL;NULL;25
984;17;B0900155;Delete Account F0901/F0901D/F0902/F0911 Records;10;2008-07-11 16:10:00;1;NULL;NULL;25
985;17;B0900156;Delete F0006 Business Unit and F0006D Translations;10;2008-07-11 16:10:00;1;NULL;NULL;25
986;17;B0900157;F0050 Copy Organizational Type Stucture;10;2008-07-11 16:10:00;1;NULL;NULL;25
987;17;B0900158;Cache Process Repost Account Ledger;10;2008-07-11 16:10:00;1;NULL;NULL;25
988;17;B0900159;Trial Balance LOD Cache Totaling;10;2008-07-11 16:10:00;1;NULL;NULL;25
989;17;B0900160;F0911Z4 Write Outbound F0911;10;2008-07-11 16:10:00;1;NULL;NULL;25
990;17;B0900163;Delete Cash Forecast Data;10;2008-07-11 16:10:00;1;NULL;NULL;25
991;17;B0900165;JDEM Print Messages By Work Field ID;10;2008-07-11 16:10:00;1;NULL;NULL;25
992;17;B0900166;Process Header Cache To Cash Forecast;10;2008-07-11 16:10:00;1;NULL;NULL;25
993;17;B0900167;Process Detail Cache To Cash Forecast;10;2008-07-11 16:10:00;1;NULL;NULL;25
994;17;B0900168;Refresh Cash Forecast Bank Accounts;10;2008-07-11 16:10:00;1;NULL;NULL;25
995;17;B0900170;General Ledger Account Master Real Time Event Notification;10;2008-07-11 16:10:00;1;NULL;NULL;25
996;17;B0900171;Purge Bank File of Cleared Checks - F09505, F095051;10;2008-07-11 16:10:00;1;NULL;NULL;25
997;17;B0900173;Get Beginning Point For Number Prev Periods To Retain;10;2008-07-11 16:10:00;1;NULL;NULL;25
998;17;B0900174;Adjust Date By Number Of Days;10;2008-07-11 16:10:00;1;NULL;NULL;25
999;17;B0900176;Compare F0902 Balances To F0911 Transactions;10;2008-07-11 16:10:00;1;NULL;NULL;25
1000;17;B0900180;Validate Rpt Struct Cash Type Rules;10;2008-07-11 16:10:00;1;NULL;NULL;25
1001;17;B0900181;Set Error - Duplicate Cash Type;10;2008-07-11 16:10:00;1;NULL;NULL;25
1002;17;B0900182;Process Rpt Structure Cache Records;10;2008-07-11 16:10:00;1;NULL;NULL;25
1003;17;B0900183;Process Cash Type Rules Cache Records;10;2008-07-11 16:10:00;1;NULL;NULL;25
1004;17;B0900184;Set Errors - Cash Forecast Analysis;10;2008-07-11 16:10:00;1;NULL;NULL;25
1005;17;B0900185;Process Cash Forecast Data;10;2008-07-11 16:10:00;1;NULL;NULL;25
1006;17;B0900186;Process Header Cache for Cash Forecast;10;2008-07-11 16:10:00;1;NULL;NULL;25
