verSecuencia;objSecuencia;verCodigo;verDescripcion;verUsuario;verFecha;verEstado;verFuncion
9;19135;RBP001;MODO PRUEBA;10;2024-02-06 12:51:00;1;Prueba
10;19135;RBP002;MODO FINAL;10;2008-07-11 16:48:00;1;NULL
11;21921;ZJDE0001;TESTr4801Z1P;10;2008-07-11 16:48:00;1;NULL
12;21924;ZJDE0001;Next Numbers;10;2008-07-11 16:48:00;1;NULL
13;21926;ZJDE0001;Distributed Next Numbers;10;2008-07-11 16:48:00;1;NULL
14;21926;ZJDE0002;DNN by Unique Key;10;2008-07-11 16:48:00;1;NULL
15;21927;RBP001;Versi¥n para creci¥n de ¥rdenes Modelo;10;2008-07-11 16:48:00;1;NULL
16;21927;RBP002;Mensajes para Ordenes de Compra;10;2008-07-11 16:48:00;1;NULL
17;21927;RBP003;UDC 41 / P5 Landed Costo (Ruta de transporte);10;2008-07-11 16:48:00;1;NULL
18;21927;RIS0001;Index of Descriptive Titles;10;2008-07-11 16:48:00;1;NULL
19;21927;RIS0052;Inventory Pricing Group;10;2008-07-11 16:48:00;1;NULL
20;21927;RIS0053;Customer Pricing Group;10;2008-07-11 16:48:00;1;NULL
21;21927;RIS3201;Hot Spot Definitions;10;2008-07-11 16:48:00;1;NULL
22;21927;ZJDE0001;Index of Descriptive Titles;10;2008-07-11 16:48:00;1;NULL
23;21927;ZJDE0002;Annual Close Ledger Types;10;2008-07-11 16:48:00;1;NULL
24;21927;ZJDE0003;Rate Schedule Type;10;2008-07-11 16:48:00;1;NULL
25;21927;ZJDE0004;Object Type;10;2008-07-11 16:48:00;1;NULL
26;21927;ZJDE0006;Option Code;10;2008-07-11 16:48:00;1;NULL
27;21927;ZJDE0007;UBE Option Code;10;2008-07-11 16:48:00;1;NULL
28;21927;ZJDE0008;Data Source Type;10;2008-07-11 16:48:00;1;NULL
29;21927;ZJDE0009;Display Rules;10;2008-07-11 16:48:00;1;NULL
30;21927;ZJDE0010;Display Styles;10;2008-07-11 16:48:00;1;NULL
31;21927;ZJDE0011;Data Dictionary Data Types;10;2008-07-11 16:48:00;1;NULL
32;21927;ZJDE0012;Glossary Group;10;2008-07-11 16:48:00;1;NULL
33;21927;ZJDE0013;Icon Display;10;2008-07-11 16:48:00;1;NULL
34;21927;ZJDE0014;Text/Icon Display;10;2008-07-11 16:48:00;1;NULL
35;21927;ZJDE0015;Selection Consequences;10;2008-07-11 16:48:00;1;NULL
36;21927;ZJDE0016;Edit Codes;10;2008-07-11 16:48:00;1;NULL
37;21927;ZJDE0017;Edit Rules;10;2008-07-11 16:48:00;1;NULL
38;21927;ZJDE0018;Business View Function;10;2008-07-11 16:48:00;1;NULL
39;21927;ZJDE0019;Function Codes;10;2008-07-11 16:48:00;1;NULL
40;21927;ZJDE0020;Form Process Type;10;2008-07-11 16:48:00;1;NULL
41;21927;ZJDE0021;Function Usage;10;2008-07-11 16:48:00;1;NULL
42;21927;ZJDE0022;Object Category;10;2008-07-11 16:48:00;1;NULL
43;21927;ZJDE0023;User Profile - Department;10;2008-07-11 16:48:00;1;NULL
44;21927;ZJDE0024;User Profile - Level;10;2008-07-11 16:48:00;1;NULL
45;21927;ZJDE0025;Host Type;10;2008-07-11 16:48:00;1;NULL
46;21927;ZJDE0026;Installation Plan Status;10;2008-07-11 16:48:00;1;NULL
47;21927;ZJDE0027;Object Use;10;2008-07-11 16:48:00;1;NULL
48;21927;ZJDE0028;Payment Instruments;10;2008-07-11 16:48:00;1;NULL
49;21927;ZJDE0029;Lot Status Codes Revisions;10;2008-07-11 16:48:00;1;NULL
50;21927;ZJDE0030;Lot Quantities;10;2008-07-11 16:48:00;1;NULL
51;21927;ZJDE0031;Lot Dates;10;2008-07-11 16:48:00;1;NULL
52;21927;ZJDE0032;Trace/Track Inclusion Rules;10;2008-07-11 16:48:00;1;NULL
53;21927;ZJDE0033;Define Average Cost;10;2008-07-11 16:48:00;1;NULL
54;21927;ZJDE0034;Data Item Fields;10;2008-07-11 16:48:00;1;NULL
55;21927;ZJDE0035;Purchasing Reporting Code 1;10;2008-07-11 16:48:00;1;NULL
56;21927;ZJDE0036;Purchasing Reporting Code 2;10;2008-07-11 16:48:00;1;NULL
57;21927;ZJDE0037;Purchasing Reporting Code 3;10;2008-07-11 16:48:00;1;NULL
58;21927;ZJDE0038;Purchasing Reporting Code 4;10;2008-07-11 16:48:00;1;NULL
59;21927;ZJDE0039;Purchasing Reporting Code 5;10;2008-07-11 16:48:00;1;NULL
60;21927;ZJDE0040;Sales Reporting Code 1;10;2008-07-11 16:48:00;1;NULL
61;21927;ZJDE0041;Sales Reporting Code 2;10;2008-07-11 16:48:00;1;NULL
62;21927;ZJDE0042;Sales Reporting Code 3;10;2008-07-11 16:48:00;1;NULL
63;21927;ZJDE0043;Sales Reporting Code 4;10;2008-07-11 16:48:00;1;NULL
64;21927;ZJDE0044;Sales Reporting Code 5;10;2008-07-11 16:48:00;1;NULL
65;21927;ZJDE0045;Units of Measure;10;2008-07-11 16:48:00;1;NULL
66;21927;ZJDE0046;Stocking Type Code;10;2008-07-11 16:48:00;1;NULL
67;21927;ZJDE0047;G/L Posting Categories;10;2008-07-11 16:48:00;1;NULL
68;21927;ZJDE0048;Cycle Count Categories;10;2008-07-11 16:48:00;1;NULL
69;21927;ZJDE0049;Shipping Commodity Codes;10;2008-07-11 16:48:00;1;NULL
70;21927;ZJDE0050;Shipping Conditions Codes;10;2008-07-11 16:48:00;1;NULL
71;21927;ZJDE0051;Item Cross Reference Types;10;2008-07-11 16:48:00;1;NULL
72;21927;ZJDE0052;Inventory Pricing Group;10;2008-07-11 16:48:00;1;NULL
73;21927;ZJDE0053;Customer Pricing Group;10;2008-07-11 16:48:00;1;NULL
74;21927;ZJDE0054;Document Types;10;2008-07-11 16:48:00;1;NULL
75;21927;ZJDE0055;Activity/Status Codes;10;2008-07-11 16:48:00;1;NULL
76;21927;ZJDE0056;Customer Delivery Document Types;10;2008-07-11 16:48:00;1;NULL
77;21927;ZJDE0057;Shipping Route Codes;10;2008-07-11 16:48:00;1;NULL
78;21927;ZJDE0058;Shipping Stop Codes;10;2008-07-11 16:48:00;1;NULL
79;21927;ZJDE0059;Shipping Zone Codes;10;2008-07-11 16:48:00;1;NULL
80;21927;ZJDE0060;Tax Explanation Codes;10;2008-07-11 16:48:00;1;NULL
81;21927;ZJDE0061;Freight Handling Codes;10;2008-07-11 16:48:00;1;NULL
82;21927;ZJDE0062;Return Reason Codes;10;2008-07-11 16:48:00;1;NULL
83;21927;ZJDE0063;General User Defined Codes;10;2008-07-11 16:48:00;1;NULL
84;21927;ZJDE0064;Search Type;10;2008-07-11 16:48:00;1;NULL
85;21927;ZJDE0065;Standard Industry Codes;10;2008-07-11 16:48:00;1;NULL
86;21927;ZJDE0066;Flash Messages;10;2008-07-11 16:48:00;1;NULL
87;21927;ZJDE0067;State/Province Codes;10;2008-07-11 16:48:00;1;NULL
88;21927;ZJDE0068;Country Codes;10;2008-07-11 16:48:00;1;NULL
89;21927;ZJDE0069;Salutation Codes;10;2008-07-11 16:48:00;1;NULL
90;21927;ZJDE0070;Electronic Mail Message Types;10;2008-07-11 16:48:00;1;NULL
91;21927;ZJDE0071;Language Preference Codes;10;2008-07-11 16:48:00;1;NULL
92;21927;ZJDE0072;Word Search Stop Words;10;2008-07-11 16:48:00;1;NULL
93;21927;ZJDE0073;Dun & Bradstreet Ratings;10;2008-07-11 16:48:00;1;NULL
94;21927;ZJDE0074;TRW Ratings;10;2008-07-11 16:48:00;1;NULL
95;21927;ZJDE0075;Location or Branch;10;2008-07-11 16:48:00;1;NULL
96;21927;ZJDE0076;Salesperson;10;2008-07-11 16:48:00;1;NULL
97;21927;ZJDE0077;Sales Territories;10;2008-07-11 16:48:00;1;NULL
98;21927;ZJDE0078;Address Book Code 04;10;2008-07-11 16:48:00;1;NULL
99;21927;ZJDE0079;Address Book Code 05;10;2008-07-11 16:48:00;1;NULL
100;21927;ZJDE0080;Address Book Code 06;10;2008-07-11 16:48:00;1;NULL
101;21927;ZJDE0081;Address Book Code 07;10;2008-07-11 16:48:00;1;NULL
102;21927;ZJDE0082;Address Book Code 08;10;2008-07-11 16:48:00;1;NULL
103;21927;ZJDE0083;Address Book Code 09;10;2008-07-11 16:48:00;1;NULL
104;21927;ZJDE0084;Address Book Code 10;10;2008-07-11 16:48:00;1;NULL
105;21927;ZJDE0085;Address Book Code 11;10;2008-07-11 16:48:00;1;NULL
106;21927;ZJDE0086;Address Book Code 12;10;2008-07-11 16:48:00;1;NULL
107;21927;ZJDE0087;Address Book Code 13;10;2008-07-11 16:48:00;1;NULL
108;21927;ZJDE00878;Test Result Inclusion Rules;10;2008-07-11 16:48:00;1;NULL
109;21927;ZJDE0088;Address Book Code 14;10;2008-07-11 16:48:00;1;NULL
110;21927;ZJDE0089;Address Book Code 15;10;2008-07-11 16:48:00;1;NULL
111;21927;ZJDE0090;Address Book Code 16;10;2008-07-11 16:48:00;1;NULL
112;21927;ZJDE0091;Address Book Code 17;10;2008-07-11 16:48:00;1;NULL
113;21927;ZJDE0092;Address Book Code 18;10;2008-07-11 16:48:00;1;NULL
114;21927;ZJDE0093;Address Book Code 19;10;2008-07-11 16:48:00;1;NULL
115;21927;ZJDE0094;Address Book Code 20;10;2008-07-11 16:48:00;1;NULL
116;21927;ZJDE0095;Who's Who Code 01;10;2008-07-11 16:48:00;1;NULL
117;21927;ZJDE0096;Who's Who Code 02;10;2008-07-11 16:48:00;1;NULL
118;21927;ZJDE0097;Who's Who Code 03;10;2008-07-11 16:48:00;1;NULL
119;21927;ZJDE0098;Who's Who Code 04;10;2008-07-11 16:48:00;1;NULL
120;21927;ZJDE0099;Who's Who Code 05;10;2008-07-11 16:48:00;1;NULL
121;21927;ZJDE0100;Who's Who Code 06;10;2008-07-11 16:48:00;1;NULL
122;21927;ZJDE0101;Who's Who Code 07;10;2008-07-11 16:48:00;1;NULL
123;21927;ZJDE0102;Who's Who Code 08;10;2008-07-11 16:48:00;1;NULL
124;21927;ZJDE0103;Who's Who Code 09;10;2008-07-11 16:48:00;1;NULL
125;21927;ZJDE0104;Who's Who Code 10;10;2008-07-11 16:48:00;1;NULL
126;21927;ZJDE0105;Voucher Document Types;10;2008-07-11 16:48:00;1;NULL
127;21927;ZJDE0106;Payment Handling Code Code;10;2008-07-11 16:48:00;1;NULL
128;21927;ZJDE0107;Pay Status Codes;10;2008-07-11 16:48:00;1;NULL
129;21927;ZJDE0108;Invoice Document Types;10;2008-07-11 16:48:00;1;NULL
130;21927;ZJDE0109;Aging Vocabulary;10;2008-07-11 16:48:00;1;NULL
131;21927;ZJDE0110;Reason Codes;10;2008-07-11 16:48:00;1;NULL
132;21927;ZJDE0111;Collection Reasons;10;2008-07-11 16:48:00;1;NULL
133;21927;ZJDE0112;Credit Report Payment Terms;10;2008-07-11 16:48:00;1;NULL
134;21927;ZJDE0113;Cash Basis - Exclude Document Types;10;2008-07-11 16:48:00;1;NULL
135;21927;ZJDE0114;Document Types - All;10;2008-07-11 16:48:00;1;NULL
136;21927;ZJDE0115;Legder Types;10;2008-07-11 16:48:00;1;NULL
137;21927;ZJDE0116;Business Unit Types;10;2008-07-11 16:48:00;1;NULL
138;21927;ZJDE0117;Subledger Types;10;2008-07-11 16:48:00;1;NULL
139;21927;ZJDE0118;Ledger Comparison Headings;10;2008-07-11 16:48:00;1;NULL
140;21927;ZJDE0119;Division;10;2008-07-11 16:48:00;1;NULL
141;21927;ZJDE0120;Region;10;2008-07-11 16:48:00;1;NULL
142;21927;ZJDE0121;Group;10;2008-07-11 16:48:00;1;NULL
143;21927;ZJDE0122;Business Unit Code 04;10;2008-07-11 16:48:00;1;NULL
144;21927;ZJDE0123;Business Unit Code 05;10;2008-07-11 16:48:00;1;NULL
145;21927;ZJDE0124;Business Unit Code 06;10;2008-07-11 16:48:00;1;NULL
146;21927;ZJDE0125;Business Unit Code 07;10;2008-07-11 16:48:00;1;NULL
147;21927;ZJDE0126;Bill Item;10;2008-07-11 16:48:00;1;NULL
148;21927;ZJDE0127;Area;10;2008-07-11 16:48:00;1;NULL
149;21927;ZJDE0128;Location Code;10;2008-07-11 16:48:00;1;NULL
150;21927;ZJDE0129;Floor;10;2008-07-11 16:48:00;1;NULL
151;21927;ZJDE0130;Product;10;2008-07-11 16:48:00;1;NULL
152;21927;ZJDE0131;Valid Landed Cost Codes;10;2008-07-11 16:48:00;1;NULL
153;21927;ZJDE0132;Commitment Document Types;10;2008-07-11 16:48:00;1;NULL
154;21927;ZJDE0133;Commitment Relief;10;2008-07-11 16:48:00;1;NULL
155;21927;ZJDE0134;Business Unit Code 08;10;2008-07-11 16:48:00;1;NULL
156;21927;ZJDE0135;Business Unit Code 09;10;2008-07-11 16:48:00;1;NULL
157;21927;ZJDE0136;Business Unit Code 10;10;2008-07-11 16:48:00;1;NULL
158;21927;ZJDE0137;Credit Messages;10;2008-07-11 16:48:00;1;NULL
159;21927;ZJDE0138;Write-Off Reason Codes;10;2008-07-11 16:48:00;1;NULL
160;21927;ZJDE0139;Chargeback Reason Codes;10;2008-07-11 16:48:00;1;NULL
161;21927;ZJDE014;IO - Item Origin;10;2008-07-11 16:48:00;1;NULL
162;21927;ZJDE0140;Deduction Reason Codes;10;2008-07-11 16:48:00;1;NULL
163;21927;ZJDE0141;Freight Rate Codes;10;2008-07-11 16:48:00;1;NULL
164;21927;ZJDE0142;Review Type;10;2008-07-11 16:48:00;1;NULL
165;21927;ZJDE0143;Relation to Employee;10;2008-07-11 16:48:00;1;NULL
166;21927;ZJDE0155;Service Type 1;10;2008-07-11 16:48:00;1;NULL
167;21927;ZJDE0156;Service Type 2;10;2008-07-11 16:48:00;1;NULL
168;21927;ZJDE0157;Service Type 3;10;2008-07-11 16:48:00;1;NULL
169;21927;ZJDE0158;Service Type 4;10;2008-07-11 16:48:00;1;NULL
170;21927;ZJDE0159;Service Type 5;10;2008-07-11 16:48:00;1;NULL
171;21927;ZJDE0160;Coverage Category Code 1;10;2008-07-11 16:48:00;1;NULL
172;21927;ZJDE0161;Coverage Category Code 2;10;2008-07-11 16:48:00;1;NULL
173;21927;ZJDE0162;Coverage Category Code 3;10;2008-07-11 16:48:00;1;NULL
174;21927;ZJDE0163;Coverage Category Code 4;10;2008-07-11 16:48:00;1;NULL
175;21927;ZJDE0164;Coverage Category Code 5;10;2008-07-11 16:48:00;1;NULL
176;21927;ZJDE0165;Contract Header Category Code 1;10;2008-07-11 16:48:00;1;NULL
177;21927;ZJDE0166;Contract Header Category Code 2;10;2008-07-11 16:48:00;1;NULL
178;21927;ZJDE0167;Contract Header Category Code 3;10;2008-07-11 16:48:00;1;NULL
179;21927;ZJDE0168;Contract Header Category Code 4;10;2008-07-11 16:48:00;1;NULL
180;21927;ZJDE0169;Contract Header Category Code 5;10;2008-07-11 16:48:00;1;NULL
181;21927;ZJDE0170;Contract Header Category Code 6;10;2008-07-11 16:48:00;1;NULL
182;21927;ZJDE0171;Contract Header Category Code 7;10;2008-07-11 16:48:00;1;NULL
183;21927;ZJDE0172;Contract Header Category Code 8;10;2008-07-11 16:48:00;1;NULL
184;21927;ZJDE0173;Contract Header Category Code 9;10;2008-07-11 16:48:00;1;NULL
185;21927;ZJDE0174;Contract Header Category Code 10;10;2008-07-11 16:48:00;1;NULL
186;21927;ZJDE0175;Contract Detail Category Code 1;10;2008-07-11 16:48:00;1;NULL
187;21927;ZJDE0176;Contract Detail Category Code 2;10;2008-07-11 16:48:00;1;NULL
188;21927;ZJDE0177;Contract Detail Category Code 3;10;2008-07-11 16:48:00;1;NULL
189;21927;ZJDE0178;Contract Detail Category Code 4;10;2008-07-11 16:48:00;1;NULL
190;21927;ZJDE0179;Contract Detail Category Code 5;10;2008-07-11 16:48:00;1;NULL
191;21927;ZJDE0180;Product Family;10;2008-07-11 16:48:00;1;NULL
192;21927;ZJDE0181;Product Model;10;2008-07-11 16:48:00;1;NULL
193;21927;ZJDE0182;Product Component;10;2008-07-11 16:48:00;1;NULL
194;21927;ZJDE0183;Disposition Code 01;10;2008-07-11 16:48:00;1;NULL
195;21927;ZJDE0184;Disposition Code 02;10;2008-07-11 16:48:00;1;NULL
196;21927;ZJDE0185;Disposition Code 03;10;2008-07-11 16:48:00;1;NULL
197;21927;ZJDE0186;Disposition Code 04;10;2008-07-11 16:48:00;1;NULL
198;21927;ZJDE0187;Disposition Code 05;10;2008-07-11 16:48:00;1;NULL
199;21927;ZJDE0188;Preference Type;10;2008-07-11 16:48:00;1;NULL
200;21927;ZJDE0189;CSMS Order Detail Group;10;2008-07-11 16:48:00;1;NULL
201;21927;ZJDE0190;Adjustment Name;10;2008-07-11 16:48:00;1;NULL
202;21927;ZJDE0191;Adjustment Schedule;10;2008-07-11 16:48:00;1;NULL
203;21927;ZJDE0200;Contract Status;10;2008-07-11 16:48:00;1;NULL
204;21927;ZJDE0201;Cancelation Reason;10;2008-07-11 16:48:00;1;NULL
205;21927;ZJDE0210;Location Code 10;10;2008-07-11 16:48:00;1;NULL
206;21927;ZJDE0211;Location Code 1;10;2008-07-11 16:48:00;1;NULL
207;21927;ZJDE0212;Location Code 2;10;2008-07-11 16:48:00;1;NULL
208;21927;ZJDE0213;Location Code 3;10;2008-07-11 16:48:00;1;NULL
209;21927;ZJDE0214;Location Code 4;10;2008-07-11 16:48:00;1;NULL
210;21927;ZJDE0215;Location Code 5;10;2008-07-11 16:48:00;1;NULL
211;21927;ZJDE0216;Location Code 6;10;2008-07-11 16:48:00;1;NULL
212;21927;ZJDE0217;Location Code 7;10;2008-07-11 16:48:00;1;NULL
213;21927;ZJDE0218;Location Code 8;10;2008-07-11 16:48:00;1;NULL
214;21927;ZJDE0219;Location Code 9;10;2008-07-11 16:48:00;1;NULL
215;21927;ZJDE0220;Employee Setup Status;10;2008-07-11 16:48:00;1;NULL
216;21927;ZJDE0221;Employee Setup Task Status;10;2008-07-11 16:48:00;1;NULL
217;21927;ZJDE0222;Employee Setup Actions;10;2008-07-11 16:48:00;1;NULL
218;21927;ZJDE0223;Setup Task Types;10;2008-07-11 16:48:00;1;NULL
219;21927;ZJDE0224;Setup Task Subclass;10;2008-07-11 16:48:00;1;NULL
220;21927;ZJDE0225;Based on Date codes;10;2008-07-11 16:48:00;1;NULL
221;21927;ZJDE0229;Employment Status;10;2008-07-11 16:48:00;1;NULL
222;21927;ZJDE023;SI - States with IPI on Imports;10;2008-07-11 16:48:00;1;NULL
223;21927;ZJDE0230;Job Type;10;2008-07-11 16:48:00;1;NULL
224;21927;ZJDE0231;Job Step;10;2008-07-11 16:48:00;1;NULL
225;21927;ZJDE0232;Workers Compensation Codes;10;2008-07-11 16:48:00;1;NULL
226;21927;ZJDE0233;Job Evaluation Methods;10;2008-07-11 16:48:00;1;NULL
227;21927;ZJDE0234;EEO Job Categories;10;2008-07-11 16:48:00;1;NULL
228;21927;ZJDE0235;Ethnic Codes;10;2008-07-11 16:48:00;1;NULL
229;21927;ZJDE0237;Pay Status;10;2008-07-11 16:48:00;1;NULL
230;21927;ZJDE0242;Change Reason;10;2008-07-11 16:48:00;1;NULL
231;21927;ZJDE0245;Unions;10;2008-07-11 16:48:00;1;NULL
232;21927;ZJDE0248;Category Code 1;10;2008-07-11 16:48:00;1;NULL
233;21927;ZJDE0249;Category Code 2;10;2008-07-11 16:48:00;1;NULL
234;21927;ZJDE0250;Category Code 3;10;2008-07-11 16:48:00;1;NULL
235;21927;ZJDE0251;Category Code 4;10;2008-07-11 16:48:00;1;NULL
236;21927;ZJDE0252;Category Code 5;10;2008-07-11 16:48:00;1;NULL
237;21927;ZJDE0253;Category Code 6;10;2008-07-11 16:48:00;1;NULL
238;21927;ZJDE0254;Category Code 7;10;2008-07-11 16:48:00;1;NULL
239;21927;ZJDE0255;Category Code 8;10;2008-07-11 16:48:00;1;NULL
240;21927;ZJDE0256;Category Code 9;10;2008-07-11 16:48:00;1;NULL
241;21927;ZJDE0257;Category Code 10;10;2008-07-11 16:48:00;1;NULL
242;21927;ZJDE0258;Category Code 11;10;2008-07-11 16:48:00;1;NULL
243;21927;ZJDE0259;Category Code 12;10;2008-07-11 16:48:00;1;NULL
244;21927;ZJDE026;NF   Nota Fiscal Type;10;2008-07-11 16:48:00;1;NULL
245;21927;ZJDE0260;Category Code 13;10;2008-07-11 16:48:00;1;NULL
246;21927;ZJDE0261;Category Code 14;10;2008-07-11 16:48:00;1;NULL
247;21927;ZJDE0262;Category Code 15;10;2008-07-11 16:48:00;1;NULL
248;21927;ZJDE0263;Category Code 16;10;2008-07-11 16:48:00;1;NULL
249;21927;ZJDE0264;Category Code 17;10;2008-07-11 16:48:00;1;NULL
250;21927;ZJDE0265;Category Code 18;10;2008-07-11 16:48:00;1;NULL
251;21927;ZJDE0266;Category Code 18;10;2008-07-11 16:48:00;1;NULL
252;21927;ZJDE027;BO - Next Numbers Bordero;10;2008-07-11 16:48:00;1;NULL
253;21927;ZJDE0277;Category Code 20;10;2008-07-11 16:48:00;1;NULL
254;21927;ZJDE0282;Salary Localities;10;2008-07-11 16:48:00;1;NULL
255;21927;ZJDE0284;Job Groups;10;2008-07-11 16:48:00;1;NULL
256;21927;ZJDE0286;Requisition Status;10;2008-07-11 16:48:00;1;NULL
257;21927;ZJDE029;DI - DIPI Frame #10 & 13;10;2008-07-11 16:48:00;1;NULL
258;21927;ZJDE0290;Applicant Status;10;2008-07-11 16:48:00;1;NULL
259;21927;ZJDE0301;Major Accounting Class;10;2008-07-11 16:48:00;1;NULL
260;21927;ZJDE0302;Major Equipment Class;10;2008-07-11 16:48:00;1;NULL
261;21927;ZJDE0303;Manufacturer;10;2008-07-11 16:48:00;1;NULL
262;21927;ZJDE0304;Model Year;10;2008-07-11 16:48:00;1;NULL
263;21927;ZJDE0305;Equipment Usage;10;2008-07-11 16:48:00;1;NULL
264;21927;ZJDE0306;Class Code 6;10;2008-07-11 16:48:00;1;NULL
265;21927;ZJDE0307;Class Code 7;10;2008-07-11 16:48:00;1;NULL
266;21927;ZJDE0308;Class Code 8;10;2008-07-11 16:48:00;1;NULL
267;21927;ZJDE0309;Class Code 9;10;2008-07-11 16:48:00;1;NULL
268;21927;ZJDE0310;Rate Group;10;2008-07-11 16:48:00;1;NULL
269;21927;ZJDE0311;Finance Method;10;2008-07-11 16:48:00;1;NULL
270;21927;ZJDE0312;Status/Disposal Codes;10;2008-07-11 16:48:00;1;NULL
271;21927;ZJDE0313;Ledger Types-Fixed Assets JE's;10;2008-07-11 16:48:00;1;NULL
272;21927;ZJDE0314;Depreciation Method;10;2008-07-11 16:48:00;1;NULL
273;21927;ZJDE0315;Categoría No. 16;10;2008-07-11 16:48:00;1;NULL
274;21927;ZJDE0320;Equipment Billing Rate Codes;10;2008-07-11 16:48:00;1;NULL
275;21927;ZJDE0340;Equipment Message Type;10;2008-07-11 16:48:00;1;NULL
276;21927;ZJDE0350;Preventive Maintenance Service Types;10;2008-07-11 16:48:00;1;NULL
277;21927;ZJDE0351;Preventive Maintenance Status;10;2008-07-11 16:48:00;1;NULL
278;21927;ZJDE0360;ECO Reason Code;10;2008-07-11 16:48:00;1;NULL
279;21927;ZJDE0361;Time Basis Code;10;2008-07-11 16:48:00;1;NULL
280;21927;ZJDE0363;Make/Buy Table;10;2008-07-11 16:48:00;1;NULL
281;21927;ZJDE0364;W.O. Operation Status;10;2008-07-11 16:48:00;1;NULL
282;21927;ZJDE0365;Phase In;10;2008-07-11 16:48:00;1;NULL
283;21927;ZJDE0366;Existing Disposition;10;2008-07-11 16:48:00;1;NULL
284;21927;ZJDE0370;Resource Requirements Planning;10;2008-07-11 16:48:00;1;NULL
285;21927;ZJDE0371;Rough Cut Capacity Planning;10;2008-07-11 16:48:00;1;NULL
286;21927;ZJDE0372;Capacity Requirements Planning;10;2008-07-11 16:48:00;1;NULL
287;21927;ZJDE0373;MRP Calculation Display;10;2008-07-11 16:48:00;1;NULL
288;21927;ZJDE0374;CRP Display;10;2008-07-11 16:48:00;1;NULL
289;21927;ZJDE0375;Capacity Message Types;10;2008-07-11 16:48:00;1;NULL
290;21927;ZJDE0377;Capacity Unit Types;10;2008-07-11 16:48:00;1;NULL
291;21927;ZJDE0380;Quantity Types;10;2008-07-11 16:48:00;1;NULL
292;21927;ZJDE0381;Distribution Requirements Planning;10;2008-07-11 16:48:00;1;NULL
293;21927;ZJDE0382;Master Production Schedule;10;2008-07-11 16:48:00;1;NULL
294;21927;ZJDE0383;Material Requirements Planning;10;2008-07-11 16:48:00;1;NULL
295;21927;ZJDE0385;Message Types;10;2008-07-11 16:48:00;1;NULL
296;21927;ZJDE0389;Time Fence Rules;10;2008-07-11 16:48:00;1;NULL
297;21927;ZJDE0391;Bill of Material (BOM) Types;10;2008-07-11 16:48:00;1;NULL
298;21927;ZJDE0392;Routing Types;10;2008-07-11 16:48:00;1;NULL
299;21927;ZJDE0400;Document Types DGI - Argentina;10;2008-07-11 16:48:00;1;NULL
300;21927;ZJDE0401;Tax Codes - Argentina;10;2008-07-11 16:48:00;1;NULL
301;21927;ZJDE0402;Invoice Groups - Argentina;10;2008-07-11 16:48:00;1;NULL
302;21927;ZJDE0403;Doc. Types Unit of Measure - Argentina;10;2008-07-11 16:48:00;1;NULL
303;21927;ZJDE0404;Origin Imported Items Set Up;10;2008-07-11 16:48:00;1;NULL
304;21927;ZJDE0405;Customs Codes Set Up;10;2008-07-11 16:48:00;1;NULL
305;21927;ZJDE0473;Cost Components;10;2008-07-11 16:48:00;1;NULL
306;21927;ZJDE0481;W. O. Type Codes;10;2008-07-11 16:48:00;1;NULL
307;21927;ZJDE0482;W. O. Priority Codes;10;2008-07-11 16:48:00;1;NULL
308;21927;ZJDE0483;W. O. Status Codes;10;2008-07-11 16:48:00;1;NULL
309;21927;ZJDE0485;W.O. Specification Record Types;10;2008-07-11 16:48:00;1;NULL
310;21927;ZJDE0487;Cost Buckets;10;2008-07-11 16:48:00;1;NULL
311;21927;ZJDE0488;Cost Buckets;10;2008-07-11 16:48:00;1;NULL
312;21927;ZJDE0489;ECO Next Revision Level;10;2008-07-11 16:48:00;1;NULL
313;21927;ZJDE0491;W.O. Category Codes 01;10;2008-07-11 16:48:00;1;NULL
314;21927;ZJDE0492;W.O. Category Codes 02;10;2008-07-11 16:48:00;1;NULL
315;21927;ZJDE0493;W.O. Category Codes 03;10;2008-07-11 16:48:00;1;NULL
316;21927;ZJDE0494;W.O. Category Codes 04;10;2008-07-11 16:48:00;1;NULL
317;21927;ZJDE0495;W.O. Category Codes 05;10;2008-07-11 16:48:00;1;NULL
318;21927;ZJDE0496;W.O. Category Codes 06;10;2008-07-11 16:48:00;1;NULL
319;21927;ZJDE0497;W.O. Category Codes 07;10;2008-07-11 16:48:00;1;NULL
320;21927;ZJDE0498;W.O. Category Codes 08;10;2008-07-11 16:48:00;1;NULL
321;21927;ZJDE0499;W.O. Category Codes 09;10;2008-07-11 16:48:00;1;NULL
322;21927;ZJDE0500;W.O. Category Codes 10;10;2008-07-11 16:48:00;1;NULL
323;21927;ZJDE0601;Contract Types;10;2008-07-11 16:48:00;1;NULL
324;21927;ZJDE0603;Cost Code Master Chart Type;10;2008-07-11 16:48:00;1;NULL
325;21927;ZJDE0606;Budget Amount Ledger Types;10;2008-07-11 16:48:00;1;NULL
326;21927;ZJDE0607;Budget Unit Ledger Types;10;2008-07-11 16:48:00;1;NULL
327;21927;ZJDE0608;Projected Final Business Unit;10;2008-07-11 16:48:00;1;NULL
328;21927;ZJDE0616;Change Status Codes;10;2008-07-11 16:48:00;1;NULL
329;21927;ZJDE0617;Contract Status Codes;10;2008-07-11 16:48:00;1;NULL
330;21927;ZJDE0618;Contract Category Code 1;10;2008-07-11 16:48:00;1;NULL
331;21927;ZJDE0619;Contract Category Code 2;10;2008-07-11 16:48:00;1;NULL
332;21927;ZJDE0620;Contract Category Code 3;10;2008-07-11 16:48:00;1;NULL
333;21927;ZJDE0621;Contract Category Code 4;10;2008-07-11 16:48:00;1;NULL
334;21927;ZJDE0622;Contract Category Code 5;10;2008-07-11 16:48:00;1;NULL
335;21927;ZJDE0623;Billing Line Category Code 1;10;2008-07-11 16:48:00;1;NULL
336;21927;ZJDE0624;Billing Line Category Code 2;10;2008-07-11 16:48:00;1;NULL
337;21927;ZJDE0625;Billing Line Category Code 3;10;2008-07-11 16:48:00;1;NULL
338;21927;ZJDE0626;Billing Line Category Code 4;10;2008-07-11 16:48:00;1;NULL
339;21927;ZJDE0627;Billing Line Category Code 5;10;2008-07-11 16:48:00;1;NULL
340;21927;ZJDE0650;Contract Category Code 1;10;2008-07-11 16:48:00;1;NULL
341;21927;ZJDE0651;Contract Category Code 2;10;2008-07-11 16:48:00;1;NULL
342;21927;ZJDE0652;Order Logs Category Code 3;10;2008-07-11 16:48:00;1;NULL
343;21927;ZJDE0653;Contract Submittal ID Code;10;2008-07-11 16:48:00;1;NULL
344;21927;ZJDE0656;Model Log Types;10;2008-07-11 16:48:00;1;NULL
345;21927;ZJDE0850;Benefit Enrollment Events;10;2008-07-11 16:48:00;1;NULL
346;21927;ZJDE0860;Allowed Establishment Types for OSHA Reports;10;2008-07-11 16:48:00;1;NULL
347;21927;ZJDE0866;Nondiscrimination Test Codes;10;2008-07-11 16:48:00;1;NULL
348;21927;ZJDE0867;Nondiscrimination Test Names;10;2008-07-11 16:48:00;1;NULL
349;21927;ZJDE0868;Nondiscrimination DBA Pay Type Tables;10;2008-07-11 16:48:00;1;NULL
350;21927;ZJDE0873;Forecast Types;10;2008-07-11 16:48:00;1;NULL
351;21927;ZJDE0874;Forecast Summary Codes;10;2008-07-11 16:48:00;1;NULL
352;21927;ZJDE0875;Transaction Type;10;2008-07-11 16:48:00;1;NULL
353;21927;ZJDE0876;Record Type;10;2008-07-11 16:48:00;1;NULL
354;21927;ZJDE0900;Job Cost Chart Types;10;2008-07-11 16:48:00;1;NULL
355;21927;ZJDE1000;Parent DLL Assignment;10;2008-07-11 16:48:00;1;NULL
356;21927;ZJDE1001;OMW User Roles;10;2008-07-11 16:48:00;1;NULL
357;21927;ZJDE1301;Resource Assignment Level;10;2008-07-11 16:48:00;1;NULL
358;21927;ZJDE1302;Transaction Type;10;2008-07-11 16:48:00;1;NULL
359;21927;ZJDE1303;Meter Type;10;2008-07-11 16:48:00;1;NULL
360;21927;ZJDE1501;Unit Type;10;2008-07-11 16:48:00;1;NULL
361;21927;ZJDE1502;Unit Usage;10;2008-07-11 16:48:00;1;NULL
362;21927;ZJDE1601;Driver Category Code 1;10;2008-07-11 16:48:00;1;NULL
363;21927;ZJDE1602;Driver Category Code 2;10;2008-07-11 16:48:00;1;NULL
364;21927;ZJDE1603;Driver Category Code 3;10;2008-07-11 16:48:00;1;NULL
365;21927;ZJDE1604;Driver Category Code 4;10;2008-07-11 16:48:00;1;NULL
366;21927;ZJDE1605;Driver Category Code 5;10;2008-07-11 16:48:00;1;NULL
367;21927;ZJDE1606;Activity Attribute 1;10;2008-07-11 16:48:00;1;NULL
368;21927;ZJDE1607;Activity Attribute 2;10;2008-07-11 16:48:00;1;NULL
369;21927;ZJDE1608;Activity Attribute 3;10;2008-07-11 16:48:00;1;NULL
370;21927;ZJDE1609;Activity Attribute 4;10;2008-07-11 16:48:00;1;NULL
371;21927;ZJDE1610;Activity Attribute 5;10;2008-07-11 16:48:00;1;NULL
372;21927;ZJDE1611;Cost Pool;10;2008-07-11 16:48:00;1;NULL
373;21927;ZJDE1612;Activity Category Code 2;10;2008-07-11 16:48:00;1;NULL
374;21927;ZJDE1613;Activity Category Code 3;10;2008-07-11 16:48:00;1;NULL
375;21927;ZJDE1614;Activity Category Code 4;10;2008-07-11 16:48:00;1;NULL
376;21927;ZJDE1615;Activity Category Code 5;10;2008-07-11 16:48:00;1;NULL
377;21927;ZJDE16CP;Cost Pool;10;2008-07-11 16:48:00;1;NULL
378;21927;ZJDE1801;Resource Attribute 01;10;2008-07-11 16:48:00;1;NULL
379;21927;ZJDE1802;Resource Attribute 02;10;2008-07-11 16:48:00;1;NULL
380;21927;ZJDE1803;Resource Attribute 03;10;2008-07-11 16:48:00;1;NULL
381;21927;ZJDE1804;Resource Attribute 04;10;2008-07-11 16:48:00;1;NULL
382;21927;ZJDE1805;Resource Attribute 05;10;2008-07-11 16:48:00;1;NULL
383;21927;ZJDE1806;Resource Attribute 06;10;2008-07-11 16:48:00;1;NULL
384;21927;ZJDE1807;Resource Attribute 07;10;2008-07-11 16:48:00;1;NULL
385;21927;ZJDE1808;Resource Attribute 08;10;2008-07-11 16:48:00;1;NULL
386;21927;ZJDE1809;Resource Attribute 09;10;2008-07-11 16:48:00;1;NULL
387;21927;ZJDE1810;Resource Attribute 10;10;2008-07-11 16:48:00;1;NULL
388;21927;ZJDE1811;Resource Attribute 11;10;2008-07-11 16:48:00;1;NULL
389;21927;ZJDE1812;Resource Attribute 12;10;2008-07-11 16:48:00;1;NULL
390;21927;ZJDE1813;Resource Attribute 13;10;2008-07-11 16:48:00;1;NULL
391;21927;ZJDE1814;Resource Attribute 14;10;2008-07-11 16:48:00;1;NULL
392;21927;ZJDE1815;Resource Attribute 15;10;2008-07-11 16:48:00;1;NULL
393;21927;ZJDE1816;Resource Attribute 16;10;2008-07-11 16:48:00;1;NULL
394;21927;ZJDE1817;Resource Attribute 17;10;2008-07-11 16:48:00;1;NULL
395;21927;ZJDE1818;Resource Attribute 18;10;2008-07-11 16:48:00;1;NULL
396;21927;ZJDE1819;Resource Attribute 19;10;2008-07-11 16:48:00;1;NULL
397;21927;ZJDE1820;Resource Attribute 20;10;2008-07-11 16:48:00;1;NULL
398;21927;ZJDE1821;Task Types;10;2008-07-11 16:48:00;1;NULL
399;21927;ZJDE1822;Task Models;10;2008-07-11 16:48:00;1;NULL
400;21927;ZJDE1823;Schedule Codes;10;2008-07-11 16:48:00;1;NULL
401;21927;ZJDE1824;Task Status Codes;10;2008-07-11 16:48:00;1;NULL
402;21927;ZJDE1825;Assignment Types;10;2008-07-11 16:48:00;1;NULL
403;21927;ZJDE2000;Expense Report Types;10;2008-07-11 16:48:00;1;NULL
404;21927;ZJDE2001;Expense Categories;10;2008-07-11 16:48:00;1;NULL
405;21927;ZJDE2002;Expense Report Status;10;2008-07-11 16:48:00;1;NULL
406;21927;ZJDE2003;Expense Status;10;2008-07-11 16:48:00;1;NULL
407;21927;ZJDE2004;Expense Locations;10;2008-07-11 16:48:00;1;NULL
408;21927;ZJDE2005;Preferred Suppliers;10;2008-07-11 16:48:00;1;NULL
409;21927;ZJDE2006;Airline Ticket Status;10;2008-07-11 16:48:00;1;NULL
410;21927;ZJDE2007;Payment Methods;10;2008-07-11 16:48:00;1;NULL
411;21927;ZJDE2008;Charge To Types;10;2008-07-11 16:48:00;1;NULL
412;21927;ZJDE2009;Preferred Airlines;10;2008-07-11 16:48:00;1;NULL
413;21927;ZJDE2010;Preferred Car Rental Companies;10;2008-07-11 16:48:00;1;NULL
414;21927;ZJDE2011;Preferred Hotels;10;2008-07-11 16:48:00;1;NULL
415;21927;ZJDE2012;Reasons For Expense Report Audit;10;2008-07-11 16:48:00;1;NULL
416;21927;ZJDE2013;Airline Reason Codes;10;2008-07-11 16:48:00;1;NULL
417;21927;ZJDE2014;Hotel Reason Codes;10;2008-07-11 16:48:00;1;NULL
418;21927;ZJDE2015;Car Rental Reason Codes;10;2008-07-11 16:48:00;1;NULL
419;21927;ZJDE2016;Reimbursement Method;10;2008-07-11 16:48:00;1;NULL
420;21927;ZJDE2017;Expense Detail Field;10;2008-07-11 16:48:00;1;NULL
421;21927;ZJDE2018;DataBase Field;10;2008-07-11 16:48:00;1;NULL
422;21927;ZJDE2019;CC Transaction Status;10;2008-07-11 16:48:00;1;NULL
423;21927;ZJDE3201;Hot Spot Definitions;10;2008-07-11 16:48:00;1;NULL
424;21927;ZJDE4000;Job Competency Category Code 01;10;2008-07-11 16:48:00;1;NULL
425;21927;ZJDE4001;Job Competency Category Code 02;10;2008-07-11 16:48:00;1;NULL
426;21927;ZJDE4002;Job Competency Category Code 03;10;2008-07-11 16:48:00;1;NULL
427;21927;ZJDE4003;Job Competency Category Code 04;10;2008-07-11 16:48:00;1;NULL
428;21927;ZJDE4004;Job Competency Category Code 05;10;2008-07-11 16:48:00;1;NULL
429;21927;ZJDE4005;Job Competency Category Code 06;10;2008-07-11 16:48:00;1;NULL
430;21927;ZJDE4006;Job Competency Category Code 07;10;2008-07-11 16:48:00;1;NULL
431;21927;ZJDE4007;Job Competency Category Code 08;10;2008-07-11 16:48:00;1;NULL
432;21927;ZJDE4008;Job Competency Category Code 09;10;2008-07-11 16:48:00;1;NULL
433;21927;ZJDE4009;Job Competency Category Code 10;10;2008-07-11 16:48:00;1;NULL
434;21927;ZJDE4010;User Defined Job Competency Description;10;2008-07-11 16:48:00;1;NULL
435;21927;ZJDE4012;Audience Mode;10;2008-07-11 16:48:00;1;NULL
436;21927;ZJDE4013;Gap Reason;10;2008-07-11 16:48:00;1;NULL
437;21927;ZJDE4014;Gap Status;10;2008-07-11 16:48:00;1;NULL
438;21927;ZJDE4015;Performance Appraisal Reason;10;2008-07-11 16:48:00;1;NULL
439;21927;ZJDE4016;Public Compensation Review Models;10;2008-07-11 16:48:00;1;NULL
440;21927;ZJDE44H01;Activity Type;10;2008-07-11 16:48:00;1;NULL
441;21927;ZJDE44H02;Construction Activity Rule;10;2008-07-11 16:48:00;1;NULL
442;21927;ZJDE44H03;Closing Cost Center Value;10;2008-07-11 16:48:00;1;NULL
443;21927;ZJDE44H04;Closing Subledger Value;10;2008-07-11 16:48:00;1;NULL
444;21927;ZJDE44H05;Contingent Sale Type;10;2008-07-11 16:48:00;1;NULL
445;21927;ZJDE44H06;Closing Worksheet Mapping;10;2008-07-11 16:48:00;1;NULL
446;21927;ZJDE44H07;Posting Status;10;2008-07-11 16:48:00;1;NULL
447;21927;ZJDE44H08;Sales Activity Rule;10;2008-07-11 16:48:00;1;NULL
448;21927;ZJDE44H09;Homebuilder Action Type;10;2008-07-11 16:48:00;1;NULL
449;21927;ZJDE44H10;Extended Data Element;10;2008-07-11 16:48:00;1;NULL
450;21927;ZJDE44H11;Homebuilder Activity Rules;10;2008-07-11 16:48:00;1;NULL
451;21927;ZJDE44H12;Homebuilder Rule Type;10;2008-07-11 16:48:00;1;NULL
452;21927;ZJDE44H13;Construction Activities;10;2008-07-11 16:48:00;1;NULL
453;21927;ZJDE44H14;Sales Activities;10;2008-07-11 16:48:00;1;NULL
454;21927;ZJDE44H15;Lot Status Code;10;2008-07-11 16:48:00;1;NULL
455;21927;ZJDE44H16;Option Link Type;10;2008-07-11 16:48:00;1;NULL
456;21927;ZJDE44H17;Closing Business Unit;10;2008-07-11 16:48:00;1;NULL
457;21927;ZJDE44H18;Closing Worksheet Mapping;10;2008-07-11 16:48:00;1;NULL
458;21927;ZJDE44H19;Debit Credit Code;10;2008-07-11 16:48:00;1;NULL
459;21927;ZJDE44H20;Closing Subledger;10;2008-07-11 16:48:00;1;NULL
460;21927;ZJDE44H21;Posting Status;10;2008-07-11 16:48:00;1;NULL
461;21927;ZJDE44H22;Lot Extended Data;10;2008-07-11 16:48:00;1;NULL
462;21927;ZJDE44H23;Option Selection Change Reason;10;2008-07-11 16:48:00;1;NULL
463;21927;ZJDE44H24;Lot Process Type;10;2008-07-11 16:48:00;1;NULL
464;21927;ZJDE4602;Tax Codes;10;2008-07-11 16:48:00;1;NULL
465;21927;ZJDE4604;Item Dimension Groups;10;2008-07-11 16:48:00;1;NULL
466;21927;ZJDE4606;Characteristic Groups;10;2008-07-11 16:48:00;1;NULL
467;21927;ZJDE4608;Zones;10;2008-07-11 16:48:00;1;NULL
468;21927;ZJDE4610;Location Dimension Groups;10;2008-07-11 16:48:00;1;NULL
469;21927;ZJDE4612;Pack Codes;10;2008-07-11 16:48:00;1;NULL
470;21927;ZJDE4614;Container/Carton Codes;10;2008-07-11 16:48:00;1;NULL
471;21927;ZJDE4616;Inclusion Versions;10;2008-07-11 16:48:00;1;NULL
472;21927;ZJDE4618;Process Groups;10;2008-07-11 16:48:00;1;NULL
473;21927;ZJDE4620;Order Groups;10;2008-07-11 16:48:00;1;NULL
474;21927;ZJDE4622;Unit of Measure Groups;10;2008-07-11 16:48:00;1;NULL
475;21927;ZJDE4624;Instruction Tables;10;2008-07-11 16:48:00;1;NULL
476;21927;ZJDE4626;Processing Modes;10;2008-07-11 16:48:00;1;NULL
477;21927;ZJDE4628;Random Rule Tables;10;2008-07-11 16:48:00;1;NULL
478;21927;ZJDE4630;Random Characteristic Codes;10;2008-07-11 16:48:00;1;NULL
479;21927;ZJDE4632;Replenishment Groups;10;2008-07-11 16:48:00;1;NULL
480;21927;ZJDE4701;Transaction Set Codes;10;2008-07-11 16:48:00;1;NULL
481;21927;ZJDE4702;Transaction Set Purpose;10;2008-07-11 16:48:00;1;NULL
482;21927;ZJDE4800;Employee Task Queues;10;2008-07-11 16:48:00;1;NULL
483;21927;ZJDE4801;Process Category Code 1;10;2008-07-11 16:48:00;1;NULL
484;21927;ZJDE4802;Process Category Code 2;10;2008-07-11 16:48:00;1;NULL
485;21927;ZJDE4803;Process Category Code 3;10;2008-07-11 16:48:00;1;NULL
486;21927;ZJDE4804;Activity Category Code 1;10;2008-07-11 16:48:00;1;NULL
487;21927;ZJDE4805;Activity Category Code 2;10;2008-07-11 16:48:00;1;NULL
488;21927;ZJDE4806;Activity Category Code 3;10;2008-07-11 16:48:00;1;NULL
489;21927;ZJDE4810;Process Type;10;2008-07-11 16:48:00;1;NULL
490;21927;ZJDE4811;Level of Detail;10;2008-07-11 16:48:00;1;NULL
491;21927;ZJDE4812;Usage;10;2008-07-11 16:48:00;1;NULL
492;21927;ZJDE4813;Function;10;2008-07-11 16:48:00;1;NULL
493;21927;ZJDE4814;Type of User;10;2008-07-11 16:48:00;1;NULL
494;21927;ZJDE4815;Industry Codes;10;2008-07-11 16:48:00;1;NULL
495;21927;ZJDE4848;Condition Codes;10;2008-07-11 16:48:00;1;NULL
496;21927;ZJDE4849;Component Codes;10;2008-07-11 16:48:00;1;NULL
497;21927;ZJDE4850;Adjustment Reason;10;2008-07-11 16:48:00;1;NULL
498;21927;ZJDE4851;Category Codes - Job Class;10;2008-07-11 16:48:00;1;NULL
499;21927;ZJDE4852;Category Codes - Cost Pool;10;2008-07-11 16:48:00;1;NULL
500;21927;ZJDE4853;Category Codes - Work Order Class;10;2008-07-11 16:48:00;1;NULL
501;21927;ZJDE4901;Shipment Status;10;2008-07-11 16:48:00;1;NULL
502;21927;ZJDE4902;Shipping Document Type;10;2008-07-11 16:48:00;1;NULL
503;21927;ZJDE4903;Freight Classification;10;2008-07-11 16:48:00;1;NULL
504;21927;ZJDE4904;Freight Commodity Code;10;2008-07-11 16:48:00;1;NULL
505;21927;ZJDE4905;Option/Equipment;10;2008-07-11 16:48:00;1;NULL
506;21927;ZJDE4906;Shipment Status Code;10;2008-07-11 16:48:00;1;NULL
507;21927;ZJDE4907;Shipment Status Reason;10;2008-07-11 16:48:00;1;NULL
508;21927;ZJDE4908;Rate Schedule;10;2008-07-11 16:48:00;1;NULL
509;21927;ZJDE4909;Freight Carge Code;10;2008-07-11 16:48:00;1;NULL
510;21927;ZJDE4910;Shipment Tracking Type;10;2008-07-11 16:48:00;1;NULL
511;21927;ZJDE4911;Preference Criteria;10;2008-07-11 16:48:00;1;NULL
512;21927;ZJDE4912;Producer of Goods;10;2008-07-11 16:48:00;1;NULL
513;21927;ZJDE4913;Domestic/Foreign Commodity;10;2008-07-11 16:48:00;1;NULL
514;21927;ZJDE4914;Hazard Class or Division;10;2008-07-11 16:48:00;1;NULL
515;21927;ZJDE4915;Packaging Group;10;2008-07-11 16:48:00;1;NULL
516;21927;ZJDE4916;Subsidiary Risk;10;2008-07-11 16:48:00;1;NULL
517;21927;ZJDE4917;Packaging Instructions;10;2008-07-11 16:48:00;1;NULL
518;21927;ZJDE4918;Hazard Label;10;2008-07-11 16:48:00;1;NULL
519;21927;ZJDE4919;Type of functionality;10;2008-07-11 16:48:00;1;NULL
520;21927;ZJDE4920;Failure Analysis Codes CC 1;10;2008-07-11 16:48:00;1;NULL
521;21927;ZJDE4921;Failure Analysis Codes CC 2;10;2008-07-11 16:48:00;1;NULL
522;21927;ZJDE4922;Failure Analysis Codes CC 3;10;2008-07-11 16:48:00;1;NULL
523;21927;ZJDE4923;Failure Analysis Codes CC 4;10;2008-07-11 16:48:00;1;NULL
524;21927;ZJDE4924;Failure Analysis Codes CC 5;10;2008-07-11 16:48:00;1;NULL
525;21927;ZJDE4925;Model;10;2008-07-11 16:48:00;1;NULL
526;21927;ZJDE4926;Level;10;2008-07-11 16:48:00;1;NULL
527;21927;ZJDE4927;Location 01;10;2008-07-11 16:48:00;1;NULL
528;21927;ZJDE4928;Version 01;10;2008-07-11 16:48:00;1;NULL
529;21927;ZJDE4929;Version 02;10;2008-07-11 16:48:00;1;NULL
530;21927;ZJDE4930;Category Code - Customer Profile 06;10;2008-07-11 16:48:00;1;NULL
531;21927;ZJDE4931;Category Code - Customer Profile 07;10;2008-07-11 16:48:00;1;NULL
532;21927;ZJDE4932;Category Code - Customer Profile 08;10;2008-07-11 16:48:00;1;NULL
533;21927;ZJDE4933;Category Code - Customer Profile 09;10;2008-07-11 16:48:00;1;NULL
534;21927;ZJDE4934;Category Code - Customer Profile 10;10;2008-07-11 16:48:00;1;NULL
535;21927;ZJDE4935;Category Code - F/A 11;10;2008-07-11 16:48:00;1;NULL
536;21927;ZJDE4936;Category Code - F/A 12;10;2008-07-11 16:48:00;1;NULL
537;21927;ZJDE4937;Category Code - F/A 13;10;2008-07-11 16:48:00;1;NULL
538;21927;ZJDE4938;Category Code - F/A 14;10;2008-07-11 16:48:00;1;NULL
539;21927;ZJDE4939;Category Code - F/A 15;10;2008-07-11 16:48:00;1;NULL
540;21927;ZJDE4940;Category Code - F/A 16;10;2008-07-11 16:48:00;1;NULL
541;21927;ZJDE4941;Category Code - F/A 17;10;2008-07-11 16:48:00;1;NULL
542;21927;ZJDE4942;Category Code - F/A 18;10;2008-07-11 16:48:00;1;NULL
543;21927;ZJDE4943;Category Code - F/A 19;10;2008-07-11 16:48:00;1;NULL
544;21927;ZJDE4944;Category Code - F/A 20;10;2008-07-11 16:48:00;1;NULL
545;21927;ZJDE4945;Category Code - F/A 21;10;2008-07-11 16:48:00;1;NULL
546;21927;ZJDE4946;Category Code - F/A 22;10;2008-07-11 16:48:00;1;NULL
547;21927;ZJDE4947;Category Code - F/A 23;10;2008-07-11 16:48:00;1;NULL
548;21927;ZJDE4948;Call Priority;10;2008-07-11 16:48:00;1;NULL
549;21927;ZJDE4949;Call Reason;10;2008-07-11 16:48:00;1;NULL
550;21927;ZJDE4950;Call Type;10;2008-07-11 16:48:00;1;NULL
551;21927;ZJDE4951;Call Status;10;2008-07-11 16:48:00;1;NULL
552;21927;ZJDE4952;Call Source;10;2008-07-11 16:48:00;1;NULL
553;21927;ZJDE4953;Environment;10;2008-07-11 16:48:00;1;NULL
554;21927;ZJDE4954;Geographic Region;10;2008-07-11 16:48:00;1;NULL
555;21927;ZJDE4955;Time Zones;10;2008-07-11 16:48:00;1;NULL
556;21927;ZJDE4956;Call Category Code 01;10;2008-07-11 16:48:00;1;NULL
557;21927;ZJDE4957;Call Category Code 02;10;2008-07-11 16:48:00;1;NULL
558;21927;ZJDE4958;Call Category Code 03;10;2008-07-11 16:48:00;1;NULL
559;21927;ZJDE4959;Call Category Code 04;10;2008-07-11 16:48:00;1;NULL
560;21927;ZJDE4960;Call Category Code 05;10;2008-07-11 16:48:00;1;NULL
561;21927;ZJDE4961;Call Category Code 06;10;2008-07-11 16:48:00;1;NULL
562;21927;ZJDE4962;Call Category Code 07;10;2008-07-11 16:48:00;1;NULL
563;21927;ZJDE4963;Call Category Code 08;10;2008-07-11 16:48:00;1;NULL
564;21927;ZJDE4964;Call Category Code 09;10;2008-07-11 16:48:00;1;NULL
565;21927;ZJDE4965;Call Category Code 10;10;2008-07-11 16:48:00;1;NULL
566;21927;ZJDE4966;Work Type;10;2008-07-11 16:48:00;1;NULL
567;21927;ZJDE4967;Task Names;10;2008-07-11 16:48:00;1;NULL
568;21927;ZJDE4968;Call Back;10;2008-07-11 16:48:00;1;NULL
569;21927;ZJDE4969;Service Group;10;2008-07-11 16:48:00;1;NULL
570;21927;ZJDE4970;Zone Carrier;10;2008-07-11 16:48:00;1;NULL
571;21927;ZJDE4971;Rate Definitions;10;2008-07-11 16:48:00;1;NULL
572;21927;ZJDE4972;Object In Use Application ID;10;2008-07-11 16:48:00;1;NULL
573;21927;ZJDE4973;Condition of Transport;10;2008-07-11 16:48:00;1;NULL
574;21927;ZJDE4974;Mode of Transport;10;2008-07-11 16:48:00;1;NULL
575;21927;ZJDE5000;Text for Period Number;10;2008-07-11 16:48:00;1;NULL
576;21927;ZJDE5001;Vertex Quantum GeoCode Search Types;10;2008-07-11 16:48:00;1;NULL
577;21927;ZJDE5201;Contract Category Code 11;10;2008-07-11 16:48:00;1;NULL
578;21927;ZJDE5202;Contract Category Code 12;10;2008-07-11 16:48:00;1;NULL
579;21927;ZJDE5203;Contract Category Code 13;10;2008-07-11 16:48:00;1;NULL
580;21927;ZJDE5204;Contract Category Code 14;10;2008-07-11 16:48:00;1;NULL
581;21927;ZJDE5205;Contract Category Code 15;10;2008-07-11 16:48:00;1;NULL
582;21927;ZJDE5301;Change Request Header Status;10;2008-07-11 16:48:00;1;NULL
583;21927;ZJDE5302;Change Request Priority;10;2008-07-11 16:48:00;1;NULL
584;21927;ZJDE5303;Change Request Type;10;2008-07-11 16:48:00;1;NULL
585;21927;ZJDE5304;Category Code 1;10;2008-07-11 16:48:00;1;NULL
586;21927;ZJDE5305;Category Code 2;10;2008-07-11 16:48:00;1;NULL
587;21927;ZJDE5306;Category Code 3;10;2008-07-11 16:48:00;1;NULL
588;21927;ZJDE5307;Category Code 4;10;2008-07-11 16:48:00;1;NULL
589;21927;ZJDE5308;Category Code 5;10;2008-07-11 16:48:00;1;NULL
590;21927;ZJDE5309;Planned Change Order Status;10;2008-07-11 16:48:00;1;NULL
591;21927;ZJDE5310;Change Order Status;10;2008-07-11 16:48:00;1;NULL
592;21927;ZJDE5500;Verification of Employment Categories;10;2008-07-11 16:48:00;1;NULL
593;21927;ZJDE7001;DP   DIPAM Table  Search Type;10;2008-07-11 16:48:00;1;NULL
594;21927;ZJDE7002;PU   Purchase Use;10;2008-07-11 16:48:00;1;NULL
595;21927;ZJDE7003;ES   DCT Special Code;10;2008-07-11 16:48:00;1;NULL
596;21927;ZJDE7004;DM - DEMEF Table  Search Type;10;2008-07-11 16:48:00;1;NULL
597;21927;ZJDE7005;CN - Category Code Name/Code;10;2008-07-11 16:48:00;1;NULL
598;21927;ZJDE7006;CC - Taxpayer Code;10;2008-07-11 16:48:00;1;NULL
599;21927;ZJDE7007;CT - Tax Code;10;2008-07-11 16:48:00;1;NULL
600;21927;ZJDE7008;DC   DIPI Reporting Period;10;2008-07-11 16:48:00;1;NULL
601;21927;ZJDE7009;DI   DIPI Frame # 10 & # 13 Buckets;10;2008-07-11 16:48:00;1;NULL
602;21927;ZJDE7010;FB - Journal Entry Book Code;10;2008-07-11 16:48:00;1;NULL
603;21927;ZJDE7011;FM - Fiscal Message;10;2008-07-11 16:48:00;1;NULL
604;21927;ZJDE7012;FR - Free Port Zone Flag;10;2008-07-11 16:48:00;1;NULL
605;21927;ZJDE7013;II - ICMS Code Fiscal Value;10;2008-07-11 16:48:00;1;NULL
606;21927;ZJDE7014;IO - Item Origin;10;2008-07-11 16:48:00;1;NULL
607;21927;ZJDE7015;IP   IPI Code - Fiscal Value;10;2008-07-11 16:48:00;1;NULL
608;21927;ZJDE7016;IR   Register Identification;10;2008-07-11 16:48:00;1;NULL
609;21927;ZJDE7017;GL - GL/Class Code Cross Ref.;10;2008-07-11 16:48:00;1;NULL
610;21927;ZJDE7018;MC   Msg. Code Inbound/Outbound Reg.;10;2008-07-11 16:48:00;1;NULL
611;21927;ZJDE7019;MO - Months of Year;10;2008-07-11 16:48:00;1;NULL
612;21927;ZJDE7020;RC   Receive Transaction Status Code;10;2008-07-11 16:48:00;1;NULL
613;21927;ZJDE7021;SC   Send Transaction Status Code;10;2008-07-11 16:48:00;1;NULL
614;21927;ZJDE7022;BC - Bank Code;10;2008-07-11 16:48:00;1;NULL
615;21927;ZJDE7023;SI - States with IPI on Imports;10;2008-07-11 16:48:00;1;NULL
616;21927;ZJDE7024;ST - Tax Summary;10;2008-07-11 16:48:00;1;NULL
617;21927;ZJDE7025;ZF - Free Port Zone Exceptions;10;2008-07-11 16:48:00;1;NULL
618;21927;ZJDE7026;NF   Nota Fiscal Type;10;2008-07-11 16:48:00;1;NULL
619;21927;ZJDE7027;BO - Next Numbers Bordero;10;2008-07-11 16:48:00;1;NULL
620;21927;ZJDE7028;DC - DIPI Reporting Code;10;2008-07-11 16:48:00;1;NULL
621;21927;ZJDE7029;DI - DIPI Frame #10 & 13;10;2008-07-11 16:48:00;1;NULL
622;21927;ZJDE7030;BS Bank Record Status Code;10;2008-07-11 16:48:00;1;NULL
623;21927;ZJDE7031;IS ISS Code Tax Type;10;2008-07-11 16:48:00;1;NULL
624;21927;ZJDE7032;NR  Non-Stock Recoverable;10;2008-07-11 16:48:00;1;NULL
625;21927;ZJDE7033;SM - ICMS Substitution Markup;10;2008-07-11 16:48:00;1;NULL
626;21927;ZJDE7034;RD - Sales Reverse;10;2008-07-11 16:48:00;1;NULL
627;21927;ZJDE7035;SR - Sales Return;10;2008-07-11 16:48:00;1;NULL
628;21927;ZJDE7036;Configurator Hot Spots;10;2008-07-11 16:48:00;1;NULL
629;21927;ZJDE7037;Document Types DGI - Argentina;10;2008-07-11 16:48:00;1;NULL
630;21927;ZJDE7038;Taxes Codes - Argentina;10;2008-07-11 16:48:00;1;NULL
631;21927;ZJDE7039;Invoices Groups - Argentina;10;2008-07-11 16:48:00;1;NULL
632;21927;ZJDE7040;Document types unit of measure - Argentina;10;2008-07-11 16:48:00;1;NULL
633;21927;ZJDE7041;Origin Imported Items Set Up - Argentina;10;2008-07-11 16:48:00;1;NULL
634;21927;ZJDE7042;Customs Codes Set Up - Argentina;10;2008-07-11 16:48:00;1;NULL
635;21927;ZJDE7043;Withholding Concepts - Argentina;10;2008-07-11 16:48:00;1;NULL
636;21927;ZJDE7044;Withholding Legal Concepts - Argentina;10;2008-07-11 16:48:00;1;NULL
637;21927;ZJDE7045;Profit Withholding Concepts - Argentina;10;2008-07-11 16:48:00;1;NULL
638;21927;ZJDE7046;Profit Withholding Legal Concepts - Argentina;10;2008-07-11 16:48:00;1;NULL
639;21927;ZJDE7047;GI Withholdings Concept Source - Argentina;10;2008-07-11 16:48:00;1;NULL
640;21927;ZJDE7048;GI Withholdings Concept Destination - Argentina;10;2008-07-11 16:48:00;1;NULL
641;21927;ZJDE7049;GI Withholding Legal Concepts - Argentina;10;2008-07-11 16:48:00;1;NULL
642;21927;ZJDE7050;GI State Source - Argentina;10;2008-07-11 16:48:00;1;NULL
643;21927;ZJDE7051;GI State Destination - Argentina;10;2008-07-11 16:48:00;1;NULL
644;21927;ZJDE7052;GI Agreement Codes - Argentina;10;2008-07-11 16:48:00;1;NULL
645;21927;ZJDE7053;Contract Withholding Concepts - Argentina;10;2008-07-11 16:48:00;1;NULL
646;21927;ZJDE7054;Contract Withholding Legal Concepts - Argentina;10;2008-07-11 16:48:00;1;NULL
647;21927;ZJDE7055;Eventual Services Withholding Concepts - Argentina;10;2008-07-11 16:48:00;1;NULL
648;21927;ZJDE7056;Eventual Services W/H Legal Concepts - Argentina;10;2008-07-11 16:48:00;1;NULL
649;21927;ZJDE7057;Profit Withholding Conditions - Argentina;10;2008-07-11 16:48:00;1;NULL
650;21927;ZJDE7058;Consolidation Review Headings;10;2008-07-11 16:48:00;1;NULL
651;21927;ZJDE7061;VE - Cross Ref. for Expiration of IR;10;2008-07-11 16:48:00;1;NULL
652;21927;ZJDE7062;TR - Tax Code A/P;10;2008-07-11 16:48:00;1;NULL
653;21927;ZJDE7063;OB - Explanation of Installments;10;2008-07-11 16:48:00;1;NULL
654;21927;ZJDE7064;IN - INSS Code;10;2008-07-11 16:48:00;1;NULL
655;21927;ZJDE7065;IR - Receita Code;10;2008-07-11 16:48:00;1;NULL
656;21927;ZJDE7066;IS - Service Code;10;2008-07-11 16:48:00;1;NULL
657;21927;ZJDE7067;CM - In/Outbound Bokk Message Code;10;2008-07-11 16:48:00;1;NULL
658;21927;ZJDE7068;CV - Fiscal Amount Codes - ICMS;10;2008-07-11 16:48:00;1;NULL
659;21927;ZJDE7069;CW - Fiscal Books Codes - IPI;10;2008-07-11 16:48:00;1;NULL
660;21927;ZJDE7070;DE - Decendio;10;2008-07-11 16:48:00;1;NULL
661;21927;ZJDE7071;DM - Declan Codes;10;2008-07-11 16:48:00;1;NULL
662;21927;ZJDE7072;M1 - Fiscal Message/ Observations;10;2008-07-11 16:48:00;1;NULL
663;21927;ZJDE7073;ME - Months of the Year;10;2008-07-11 16:48:00;1;NULL
664;21927;ZJDE7074;NS - Related to Energy and Petroil;10;2008-07-11 16:48:00;1;NULL
665;21927;ZJDE7075;RD - Resumes and Demonstratives;10;2008-07-11 16:48:00;1;NULL
666;21927;ZJDE7076;TD - Demonstrative Codes - Apuraco;10;2008-07-11 16:48:00;1;NULL
667;21927;ZJDE7077;TI - Fiscal Tax Type;10;2008-07-11 16:48:00;1;NULL
668;21927;ZJDE7078;TN - Sintegra CFOP Cross Reference;10;2008-07-11 16:48:00;1;NULL
669;21927;ZJDE7079;DP - Dependence Reduction IR-PF;10;2008-07-11 16:48:00;1;NULL
670;21927;ZJDE7080;AP - Retired IR-PF;10;2008-07-11 16:48:00;1;NULL
671;21927;ZJDE7081;BK - Bank Codes;10;2008-07-11 16:48:00;1;NULL
672;21927;ZJDE7082;CL - Clearing Codes;10;2008-07-11 16:48:00;1;NULL
673;21927;ZJDE7083;PY - Payment Instrument;10;2008-07-11 16:48:00;1;NULL
674;21927;ZJDE7401;Swiss SOG Countries/Currencies;10;2008-07-11 16:48:00;1;NULL
675;21927;ZJDE7402;European Community Members;10;2008-07-11 16:48:00;1;NULL
676;21927;ZJDE7403;Nature of Transaction;10;2008-07-11 16:48:00;1;NULL
677;21927;ZJDE7404;Suggestion Type;10;2008-07-11 16:48:00;1;NULL
678;21927;ZJDE7405;Originator Type;10;2008-07-11 16:48:00;1;NULL
679;21927;ZJDE7406;Goal Status;10;2008-07-11 16:48:00;1;NULL
680;21927;ZJDE7407;Goal Type;10;2008-07-11 16:48:00;1;NULL
681;21927;ZJDE7408;COBRA Qualifying Events;10;2008-07-11 16:48:00;1;NULL
682;21927;ZJDE7501;GUI/VAT Authorization Code;10;2008-07-11 16:48:00;1;NULL
683;21927;ZJDE7502;GUI/VAT Category Code 1 - Segment;10;2008-07-11 16:48:00;1;NULL
684;21927;ZJDE7503;GUI/VAT Category Code 2 - Segment;10;2008-07-11 16:48:00;1;NULL
685;21927;ZJDE7504;GUI/VAT Category Code 3 - Segment;10;2008-07-11 16:48:00;1;NULL
686;21927;ZJDE7505;GUI/VAT Category Code 4 - Customer;10;2008-07-11 16:48:00;1;NULL
687;21927;ZJDE7506;GUI/VAT Category Code 5 - Customer;10;2008-07-11 16:48:00;1;NULL
688;21927;ZJDE7507;GUI/VAT Category Code 6 - Customer;10;2008-07-11 16:48:00;1;NULL
689;21927;ZJDE7508;GUI/VAT Category Code 7 - Supplier;10;2008-07-11 16:48:00;1;NULL
690;21927;ZJDE7509;GUI/VAT Category Code 8 - Supplier;10;2008-07-11 16:48:00;1;NULL
691;21927;ZJDE7510;GUI/VAT Category Code 9 - Supplier;10;2008-07-11 16:48:00;1;NULL
692;21927;ZJDE7511;GUI/VAT Foreign Cigarette / Wine Note;10;2008-07-11 16:48:00;1;NULL
693;21927;ZJDE7512;GUI/VAT Deduction Code;10;2008-07-11 16:48:00;1;NULL
694;21927;ZJDE7513;GUI/VAT Deduction Usage;10;2008-07-11 16:48:00;1;NULL
695;21927;ZJDE7514;GUI/VAT Data Generation Method;10;2008-07-11 16:48:00;1;NULL
696;21927;ZJDE7515;GUI/VAT Declaration Type;10;2008-07-11 16:48:00;1;NULL
697;21927;ZJDE7516;GUI/VAT Declaration Site;10;2008-07-11 16:48:00;1;NULL
698;21927;ZJDE7517;GUI/VAT Document Type;10;2008-07-11 16:48:00;1;NULL
699;21927;ZJDE7518;GUI/VAT Declaration Unit;10;2008-07-11 16:48:00;1;NULL
700;21927;ZJDE7519;GUI/VAT Export Declare Type;10;2008-07-11 16:48:00;1;NULL
701;21927;ZJDE7520;GUI/VAT Exportation Method;10;2008-07-11 16:48:00;1;NULL
702;21927;ZJDE7521;GUI/VAT Format Code - Purchase;10;2008-07-11 16:48:00;1;NULL
703;21927;ZJDE7522;GUI/VAT Format Code - Sales;10;2008-07-11 16:48:00;1;NULL
704;21927;ZJDE7523;GUI/VAT Format Code;10;2008-07-11 16:48:00;1;NULL
705;21927;ZJDE7524;GUI/VAT Import Item Type;10;2008-07-11 16:48:00;1;NULL
706;21927;ZJDE7525;GUI/VAT Proof Document Name;10;2008-07-11 16:48:00;1;NULL
707;21927;ZJDE7526;GUI/VAT Prepayment Status;10;2008-07-11 16:48:00;1;NULL
708;21927;ZJDE7527;GUI/VAT Purchase Item Type;10;2008-07-11 16:48:00;1;NULL
709;21927;ZJDE7528;GUI/VAT Purchase Usage - 403;10;2008-07-11 16:48:00;1;NULL
710;21927;ZJDE7529;GUI/VAT Revenue Type;10;2008-07-11 16:48:00;1;NULL
711;21927;ZJDE7530;GUI/VAT Account Dr/Cr Flag;10;2008-07-11 16:48:00;1;NULL
712;21927;ZJDE7531;GUI/VAT Summary Note;10;2008-07-11 16:48:00;1;NULL
713;21927;ZJDE7532;GUI/VAT Special Tax Type;10;2008-07-11 16:48:00;1;NULL
714;21927;ZJDE7533;GUI/VAT Sales Item Type;10;2008-07-11 16:48:00;1;NULL
715;21927;ZJDE7534;GUI/VAT Tax Refund Method;10;2008-07-11 16:48:00;1;NULL
716;21927;ZJDE7535;GUI/VAT Transaction Type;10;2008-07-11 16:48:00;1;NULL
717;21927;ZJDE7536;GUI/VAT Tax Type;10;2008-07-11 16:48:00;1;NULL
718;21927;ZJDE7537;GUI/VAT Zero Tax Rate Item Type;10;2008-07-11 16:48:00;1;NULL
719;21927;ZJDE7538;GUI/VAT Customer Type;10;2008-07-11 16:48:00;1;NULL
720;21927;ZJDEC001;Fast Path;10;2008-07-11 16:48:00;1;NULL
721;21927;ZJDEC002;EMU Member Currency Table;10;2008-07-11 16:48:00;1;NULL
722;21927;ZJDEC003;Scrap Reason Codes;10;2008-07-11 16:48:00;1;NULL
723;21927;ZJDEC004;Type of Hours;10;2008-07-11 16:48:00;1;NULL
724;21927;ZJDEC005;WO Completion Codes;10;2008-07-11 16:48:00;1;NULL
725;21927;ZJDEC006;Commitment/Encumbrance Log Types;10;2008-07-11 16:48:00;1;NULL
726;21927;ZJDEC007;Order Hold Codes;10;2008-07-11 16:48:00;1;NULL
727;21927;ZJDEC008;ECS Codes;10;2008-07-11 16:48:00;1;NULL
728;21927;ZJDEC009;Advanced Stock Valuation Codes;10;2008-07-11 16:48:00;1;NULL
729;21927;ZJDEC010;Agreement Management Codes;10;2008-07-11 16:48:00;1;NULL
730;21927;ZJDEPL01;00/DV - Assign versions to voucher types;10;2008-07-11 16:48:00;1;NULL
731;21927;ZJDEPL02;00/DI - Assign versions to invoice types;10;2008-07-11 16:48:00;1;NULL
732;21927;ZJDEPL03;74P/IM - Import Tax Categories;10;2008-07-11 16:48:00;1;NULL
733;21929;ZJDE0001;Version for P0005S for P1630 Edit;10;2008-07-11 16:48:00;1;NULL
734;21932;ZJDE0001;Structure Tree View;10;2008-07-11 16:48:00;1;NULL
735;21936;RIS0001;Work Day Calendar Revisions;10;2008-07-11 16:48:00;1;NULL
736;21936;ZJDE0001;Work Day Calendar Revisions;10;2008-07-11 16:48:00;1;NULL
737;21938;RIS0001;Work Day Calendar Transactions;10;2008-07-11 16:48:00;1;NULL
738;21938;ZJDE0001;Work Day Calendar Transactions;10;2008-07-11 16:48:00;1;NULL
739;21943;RIS0001;Supplemental Data - Inventory Items;10;2008-07-11 16:48:00;1;NULL
740;21943;RIS0002;Supplemental Data - Inventory Item/Branch;10;2008-07-11 16:48:00;1;NULL
741;21943;RIS0003;Supplemental Data - Addresses;10;2008-07-11 16:48:00;1;NULL
742;21943;RIS0005;Supplemental Data - Asset Management;10;2008-07-11 16:48:00;1;NULL
743;21943;RIS0006;Supplemental Data - Engineering Change Orders;10;2008-07-11 16:48:00;1;NULL
744;21943;RIS0011;Supplemental Data - Employee;10;2008-07-11 16:48:00;1;NULL
745;21943;RIS0012;Supplemental Data - Applicant;10;2008-07-11 16:48:00;1;NULL
746;21943;RIS0016;Supplemental Data - Requisition;10;2008-07-11 16:48:00;1;NULL
747;21943;RIS0018;Supplemental Data - Sales Order;10;2008-07-11 16:48:00;1;NULL
748;21943;ZJDE0001;Supplemental Data - Inventory Items;10;2008-07-11 16:48:00;1;NULL
749;21943;ZJDE0002;Supplemental Data - Inventory Item/Branch;10;2008-07-11 16:48:00;1;NULL
750;21943;ZJDE0003;Supplemental Data - Addresses;10;2008-07-11 16:48:00;1;NULL
751;21943;ZJDE0004;Supplemental Data - Business Units;10;2008-07-11 16:48:00;1;NULL
752;21943;ZJDE0005;Supplemental Data - Asset Management;10;2008-07-11 16:48:00;1;NULL
753;21943;ZJDE0006;Supplemental Data - Engineering Change Orders;10;2008-07-11 16:48:00;1;NULL
754;21943;ZJDE0007;Supplemental Data - Work Orders;10;2008-07-11 16:48:00;1;NULL
755;21943;ZJDE0008;Supplemental Data - Job Cost;10;2008-07-11 16:48:00;1;NULL
756;21943;ZJDE0011;Supplemental Data - Employee;10;2008-07-11 16:48:00;1;NULL
757;21943;ZJDE0012;Supplemental Data - Applicant;10;2008-07-11 16:48:00;1;NULL
758;21943;ZJDE0013;Supplemental Data - Job;10;2008-07-11 16:48:00;1;NULL
759;21943;ZJDE0014;Supplemental Data - Case;10;2008-07-11 16:48:00;1;NULL
760;21943;ZJDE0015;Supplemental Data - Dep/Beneficiary;10;2008-07-11 16:48:00;1;NULL
761;21943;ZJDE0016;Supplemental Data - Requisition;10;2008-07-11 16:48:00;1;NULL
762;21943;ZJDE0017;Supplemental Data--Item Number;10;2008-07-11 16:48:00;1;NULL
763;21943;ZJDE0018;Supplemental Data - Sales Order;10;2008-07-11 16:48:00;1;NULL
764;21943;ZJDE0019;Lot Supplimental Data;10;2008-07-11 16:48:00;1;NULL
765;21943;ZJDE0020;Test for app;10;2008-07-11 16:48:00;1;NULL
766;21948;ZJDE0001;ALL Odd Cat. Codes;10;2008-07-11 16:48:00;1;NULL
767;21948;ZJDE0002;ALL Even Cat. Codes;10;2008-07-11 16:48:00;1;NULL
768;21954;RBP0005;Revisi¥n facturas;10;2008-07-11 16:48:00;1;NULL
769;21954;RIS0001;Review All Batches;10;2008-07-11 16:48:00;1;NULL
770;21954;RIS0002;Batch Options for Voucher Journal Review;10;2008-07-11 16:48:00;1;NULL
771;21954;RIS0003;Batch Options for Manual Payments;10;2008-07-11 16:48:00;1;NULL
772;21954;RIS0004;Batch Options for Automatic Payments;10;2008-07-11 16:48:00;1;NULL
773;21954;RIS0005;Batch Options for Invoice Journal Review;10;2008-07-11 16:48:00;1;NULL
774;21954;RIS0006;Batch Version for General Acctg Journals;10;2008-07-11 16:48:00;1;NULL
775;21954;RIS0007;Batch Options for Inventory Transactions;10;2008-07-11 16:48:00;1;NULL
776;21954;RIS0009;Batch Options for Receipts Journal Review;10;2008-07-11 16:48:00;1;NULL
777;21954;RIS0011;Batch Options for Currency Restatement;10;2008-07-11 16:48:00;1;NULL
778;21954;RIS0012;Batch Options for Drafts Journal Review;10;2008-07-11 16:48:00;1;NULL
779;21954;RIS0013;Batch Options Manual Payments Without a Match;10;2008-07-11 16:48:00;1;NULL
780;21954;RIS0015;Batch Options for Standalone Payroll Journals;10;2008-07-11 16:48:00;1;NULL
781;21954;RIS0016;Depreciation Journal Review;10;2008-07-11 16:48:00;1;NULL
782;21954;RIS0021;Batch Option for Payroll Journals;10;2008-07-11 16:48:00;1;NULL
783;21954;RIS0022;Time Entry Journal Review;10;2008-07-11 16:48:00;1;NULL
784;21954;ZJDE0001;Batches Processing Options;10;2008-07-11 16:48:00;1;NULL
785;21954;ZJDE0002;Batch Options for Voucher Journal Review;10;2008-07-11 16:48:00;1;NULL
786;21954;ZJDE0003;Batch Options for Manual Payments;10;2008-07-11 16:48:00;1;NULL
787;21954;ZJDE0004;Batch Options for Automatic Payments;10;2008-07-11 16:48:00;1;NULL
788;21954;ZJDE0005;Batch Options for Invoice Journal Review;10;2008-07-11 16:48:00;1;NULL
789;21954;ZJDE0006;Batch Options for Purchase Order Receipts;10;2008-07-11 16:48:00;1;NULL
790;21954;ZJDE0007;Batch Options for Inventory Transactions;10;2008-07-11 16:48:00;1;NULL
791;21954;ZJDE0008;Batch Options for Allocations Review;10;2008-07-11 16:48:00;1;NULL
792;21954;ZJDE0009;Batch Options for Receipts Journal Review;10;2008-07-11 16:48:00;1;NULL
793;21954;ZJDE0010;Batch Options for Manufacturing Review;10;2008-07-11 16:48:00;1;NULL
794;21954;ZJDE0011;Batch Options for Currency Restatement;10;2008-07-11 16:48:00;1;NULL
795;21954;ZJDE0012;Batch Options for Drafts Journal Review;10;2008-07-11 16:48:00;1;NULL
796;21954;ZJDE0013;Batch Options for Manual Payments without Match;10;2008-07-11 16:48:00;1;NULL
797;21954;ZJDE0014;Batch Options for Standalone Payroll Pro-Forma;10;2008-07-11 16:48:00;1;NULL
798;21954;ZJDE0015;Batch Options for Standalone Payroll Journals;10;2008-07-11 16:48:00;1;NULL
799;21954;ZJDE0016;Depreciation Journal Review;10;2008-07-11 16:48:00;1;NULL
800;21954;ZJDE0017;Transfer Journal Review;10;2008-07-11 16:48:00;1;NULL
801;21954;ZJDE0018;Asset Revaluation Journal;10;2008-07-11 16:48:00;1;NULL
802;21954;ZJDE0019;Disposal Journal Review;10;2008-07-11 16:48:00;1;NULL
803;21954;ZJDE0020;Batch Option for Payroll Pro-forma;10;2008-07-11 16:48:00;1;NULL
804;21954;ZJDE0021;Batch Option for Payroll Journals;10;2008-07-11 16:48:00;1;NULL
805;21954;ZJDE0022;Time Entry Journal Review;10;2008-07-11 16:48:00;1;NULL
806;21955;XJDE0001;test for P0012;10;2008-07-11 16:48:00;1;NULL
807;21955;ZJDE0001;AAI's - General Accounts;10;2008-07-11 16:48:00;1;NULL
808;21955;ZJDE0002;AAI's - General Accounting;10;2008-07-11 16:48:00;1;NULL
809;21955;ZJDE0003;AAI's - Accounts Receivable;10;2008-07-11 16:48:00;1;NULL
810;21955;ZJDE0004;AAI's - Accounts Payable;10;2008-07-11 16:48:00;1;NULL
811;21955;ZJDE0005;AAI's - Accounts Payable 1099 Proc.;10;2008-07-11 16:48:00;1;NULL
812;21955;ZJDE0010;AAI's - Special Income Stmt Totals;10;2008-07-11 16:48:00;1;NULL
813;21955;ZJDE0012;AAI's - Fixed Asset Accounting;10;2008-07-11 16:48:00;1;NULL
814;21955;ZJDE0015;AAI's - Real Estate Management;10;2008-07-11 16:48:00;1;NULL
815;21955;ZJDE0050;AAI's - Job Cost;10;2008-07-11 16:48:00;1;NULL
816;21955;ZJDE0052;AAI's - Contract Billing;10;2008-07-11 16:48:00;1;NULL
817;21955;ZJDE0053;AAI's - Change Management;10;2008-07-11 16:48:00;1;NULL
818;21955;ZJDE0100;AAI's - General Purpose Accounts;10;2008-07-11 16:48:00;1;NULL
819;21955;ZJDE0102;AAI's - Equipment Management;10;2008-07-11 16:48:00;1;NULL
820;21955;ZJDE0105;AAI's - A/P Draft Processing;10;2008-07-11 16:48:00;1;NULL
821;21955;ZJDE0106;AAI's - Financial Ratio Accounts;10;2008-07-11 16:48:00;1;NULL
822;21955;ZJDEC001;AAI's - Intercompany Settlements - Hub;10;2008-07-11 16:48:00;1;NULL
823;21955;ZJDEC002;AAI's - Intercompany Settlements - Detail;10;2008-07-11 16:48:00;1;NULL
824;21955;ZJDEC003;AAI's - A/R Unrealized/Realized Gains;10;2008-07-11 16:48:00;1;NULL
825;21955;ZJDEC004;AAI's - A/R Alternate Currency Clearing;10;2008-07-11 16:48:00;1;NULL
826;21955;ZJDEC005;AAI's - A/R Alternate Currency Gain/Loss;10;2008-07-11 16:48:00;1;NULL
827;21955;ZJDEC006;AAI's - A/P Alternate Currency Clearing;10;2008-07-11 16:48:00;1;NULL
828;21955;ZJDEC007;AAI's - A/P Alternate Currency Gain/Loss;10;2008-07-11 16:48:00;1;NULL
829;21955;ZJDEC008;AAI's - Unrealized/Realized Gains;10;2008-07-11 16:48:00;1;NULL
830;21955;ZJDEC009;AAI's - A/P Unrealized/Realized Losses;10;2008-07-11 16:48:00;1;NULL
831;21955;ZJDEC0099;Unrealized Gains/Losses;10;2008-07-11 16:48:00;1;NULL
832;21955;ZJDEC010;AAI's - A/P Unrealized/Realized Offsets;10;2008-07-11 16:48:00;1;NULL
833;21955;ZJDEC011;AAI's - A/R Unrealized/Realized Losses;10;2008-07-11 16:48:00;1;NULL
834;21955;ZJDEC012;AAI's - A/R Unrealized/Realized Offsets;10;2008-07-11 16:48:00;1;NULL
835;21955;ZJDEC013;AAI's - Account Reconciliation;10;2008-07-11 16:48:00;1;NULL
836;21955;ZJDEC014;AAI's - Annual Close;10;2008-07-11 16:48:00;1;NULL
837;21955;ZJDEC015;AAI's-GL Tax;10;2008-07-11 16:48:00;1;NULL
838;21955;ZJDELC001;AAI's - Brazilian Tax Accounts;10;2008-07-11 16:48:00;1;NULL
839;21960;ZJDE0001;Address Book Master;10;2008-07-11 16:48:00;1;NULL
840;21960;ZJDE0002;Account Master;10;2008-07-11 16:48:00;1;NULL
841;21960;ZJDE0003;Company Master;10;2008-07-11 16:48:00;1;NULL
842;21960;ZJDE0004;Business Unit Master;10;2008-07-11 16:48:00;1;NULL
843;21960;ZJDE0005;Payment Terms;10;2008-07-11 16:48:00;1;NULL
844;21960;ZJDE0006;Fiscal Date Patterns;10;2008-07-11 16:48:00;1;NULL
845;21960;ZJDE0007;General Constants;10;2008-07-11 16:48:00;1;NULL
846;21960;ZJDE0008;Automatic Accounting Instructions;10;2008-07-11 16:48:00;1;NULL
847;21960;ZJDE0009;Tax Rules;10;2008-07-11 16:48:00;1;NULL
848;21960;ZJDE0010;Tax Rate/Area;10;2008-07-11 16:48:00;1;NULL
849;21960;ZJDE0011;Work Order Master;10;2008-07-11 16:48:00;1;NULL
850;21960;ZJDE0012;Currency Codes;10;2008-07-11 16:48:00;1;NULL
851;21960;ZJDE0026;Store Forward;10;2008-07-11 16:48:00;1;NULL
852;21960;ZJDE0032;Configurator Store & Forward;10;2008-07-11 16:48:00;1;NULL
853;21965;ZJDE0001;Demo Version;10;2008-07-11 16:48:00;1;NULL
854;21974;ZJDE0001;Manufacturing - Costing Rates;10;2008-07-11 16:48:00;1;NULL
855;21974;ZJDE0002;Manufacturing - Costing Factors;10;2008-07-11 16:48:00;1;NULL
856;21974;ZJDE0003;Work Order - Standard Instructions;10;2008-07-11 16:48:00;1;NULL
857;21974;ZJDE0004;Work Order - Labor Rates;10;2008-07-11 16:48:00;1;NULL
858;21974;ZJDE0005;Equipment - Maintenance Procedures;10;2008-07-11 16:48:00;1;NULL
859;21974;ZJDE0006;Work Orders - Standard Hours per month;10;2008-07-11 16:48:00;1;NULL
860;21974;ZJDE0007;DDP - Journaled Files & Update Programs;10;2008-07-11 16:48:00;1;NULL
861;21974;ZJDE0008;DDP - Omit Program Record Changes;10;2008-07-11 16:48:00;1;NULL
862;21974;ZJDE0009;DDP - Select Program Record Changes;10;2008-07-11 16:48:00;1;NULL
863;21974;ZJDE0010;HR Benefits - Benefit Groups;10;2008-07-11 16:48:00;1;NULL
864;21974;ZJDE0011;HR Benefits - Category Descriptions;10;2008-07-11 16:48:00;1;NULL
865;21974;ZJDE0013;Manufacturing - ECO Descriptions;10;2008-07-11 16:48:00;1;NULL
866;21974;ZJDE0015;Property Management Statement Messages;10;2008-07-11 16:48:00;1;NULL
867;21974;ZJDE0017;Software Versions Rep-Optional Files;10;2008-07-11 16:48:00;1;NULL
868;21974;ZJDE0018;NSF Notification Text;10;2008-07-11 16:48:00;1;NULL
869;21974;ZJDE0019;Italian Payment Register Message;10;2008-07-11 16:48:00;1;NULL
870;21974;ZJDE0020;Italian Payment Advise Message;10;2008-07-11 16:48:00;1;NULL
871;21974;ZJDE0021;Brazilian Monthly Late Fee Rate;10;2008-07-11 16:48:00;1;NULL
872;21974;ZJDE0022;Generic Messages - Dutch Localizations;10;2008-07-11 16:48:00;1;NULL
873;21974;ZJDE7001;Brazilian Monthly Late Fee Rate;10;2008-07-11 16:48:00;1;NULL
874;21974;ZJDE7002;Generic Messages - Dutch Localizations;10;2008-07-11 16:48:00;1;NULL
875;21978;ZJDE0001;Tax Rules;10;2008-07-11 16:48:00;1;NULL
876;21986;ZJDE0001;Generated Document - Sales Order Management;10;2008-07-11 16:48:00;1;NULL
877;21987;ZJDE0001;Sales Order Management;10;2008-07-11 16:48:00;1;NULL
878;21989;ZJDE0001;Convert All GT0039 Media Object Structures;10;2008-07-11 16:48:00;1;NULL
879;21995;ZJDE0001;Mapping by UDC;10;2008-07-11 16:48:00;1;NULL
880;21995;ZJDE0002;Mapping by Generic Data Item;10;2008-07-11 16:48:00;1;NULL
881;21996;ZJDE0001;Organization Structure;10;2008-07-11 16:48:00;1;NULL
882;21997;ZJDE0001;Convert Numbers to Words - Spanish;10;2008-07-11 16:48:00;1;NULL
883;22000;ZJDE0001;Supplemental Data Profiles by Business Unit;10;2008-07-11 16:48:00;1;NULL
884;22002;ZJDE0001;Text File Processor;10;2008-07-11 16:48:00;1;NULL
885;22004;XJDE0001;OneWorld Explorer Dialogs;10;2008-07-11 16:48:00;1;NULL
886;22005;ZJDE0001;Euro Conversion Audit Records;10;2008-07-11 16:48:00;1;NULL
887;22009;ZJDE0001;No Editing of Address Number;10;2008-07-11 16:48:00;1;NULL
888;22009;ZJDE0002;Editing of Address Number;10;2008-07-11 16:48:00;1;NULL
889;22015;ZJDE0001;Form exit to Delete or Copy OCM mappings;10;2008-07-11 16:48:00;1;NULL
890;22015;ZJDE0002;Form exit to Delete OCM mappings only;10;2008-07-11 16:48:00;1;NULL
891;22015;ZJDE0003;Form exit to Copy OCM mappings only;10;2008-07-11 16:48:00;1;NULL
892;22015;ZJDE0004;No form exit to Delete or Copy OCM mappings;10;2008-07-11 16:48:00;1;NULL
893;22020;ZJDE0001;OneWorld Security - All Types;10;2008-07-11 16:48:00;1;NULL
894;22020;ZJDE0002;OneWorld Security - Application Security;10;2008-07-11 16:48:00;1;NULL
895;22020;ZJDE0003;OneWorld Security - Action Security;10;2008-07-11 16:48:00;1;NULL
896;22020;ZJDE0004;OneWorld Security - Column Security;10;2008-07-11 16:48:00;1;NULL
897;22020;ZJDE0005;OneWorld Security - Row Security;10;2008-07-11 16:48:00;1;NULL
898;22025;ZJDE0001;Data Synchronization;10;2008-07-11 16:48:00;1;NULL
899;22026;RBPXJDE001;Address Book;10;2008-07-11 16:48:00;1;NULL
900;22026;ZJDE0001;Adress Book MBF -PO;10;2008-07-11 16:48:00;1;NULL
901;22026;ZJDE0002;Address Book MBF - Outbound;10;2008-07-11 16:48:00;1;NULL
902;22027;RBP00JD01;Customer;10;2008-07-11 16:48:00;1;NULL
903;22027;ZJDE0001;Customer Master MBF;10;2008-07-11 16:48:00;1;NULL
904;22027;ZJDE0002;Customer Master-MBF Outbound;10;2008-07-11 16:48:00;1;NULL
905;22028;ZJDE0001;Supplier Master MBF;10;2008-07-11 16:48:00;1;NULL
906;22028;ZJDE0002;Supplier Master MBF- Outbound;10;2008-07-11 16:48:00;1;NULL
907;22029;ZJDE0001;Contact Information MBF PO - Interoperability On;10;2008-07-11 16:48:00;1;NULL
908;22030;ZJDE0001;Territory Align;10;2008-07-11 16:48:00;1;NULL
909;22031;ZJDE0001;Supplier Master Real Time Event PO;10;2008-07-11 16:48:00;1;NULL
910;22032;ZJDE0001;Address Book Master Notify Wrapper;10;2008-07-11 16:48:00;1;NULL
911;22033;AAA;aa;10;2008-07-11 16:48:00;1;NULL
912;22033;RIS0001;New Address Book Version;10;2008-07-11 16:48:00;1;NULL
913;22033;RIS0002;Employee Address Book Revision;10;2008-07-11 16:48:00;1;NULL
914;22033;RIS0006;Supplier Name and Address Change;10;2008-07-11 16:48:00;1;NULL
915;22033;RISC002;Supplier Address Book Revision;10;2008-07-11 16:48:00;1;NULL
916;22033;XJDE0001;X - New Address Book Version;10;2008-07-11 16:48:00;1;NULL
917;22033;XJDEB0001;Supplier Address Book Reivision;10;2008-07-11 16:48:00;1;NULL
918;22033;Z55010001;New Address Book Version;10;2008-07-11 16:48:00;1;NULL
919;22033;Z55010002;Applicant Address Book Revision;10;2008-07-11 16:48:00;1;NULL
920;22033;Z55010003;Employee Addrress Book version;10;2008-07-11 16:48:00;1;NULL
921;22033;Z55010004;Tipo de Busqueda CL;10;2008-07-11 16:48:00;1;NULL
922;22033;Z55010005;Tipo de Busqueda VA;10;2008-07-11 16:48:00;1;NULL
923;22033;Z5501EC002;Supplier Address Book Revision;10;2008-07-11 16:48:00;1;NULL
924;22033;Z5501EC003;Customer Address Book Revision;10;2008-07-11 16:48:00;1;NULL
925;22033;Z5501EC004;Tax Authorities Addres Book Revision;10;2008-07-11 16:48:00;1;NULL
926;22033;ZJDE0001;New Address Book Version;10;2008-07-11 16:48:00;1;NULL
927;22033;ZJDE0002;Employee Address Book Revision;10;2008-07-11 16:48:00;1;NULL
928;22033;ZJDE0003;Applicant Address Book version;10;2008-07-11 16:48:00;1;NULL
929;22033;ZJDE0004;Business Unit Address Book Revision;10;2008-07-11 16:48:00;1;NULL
930;22033;ZJDE0005;Customer Name and Address Change;10;2008-07-11 16:48:00;1;NULL
931;22033;ZJDE0006;Supplier Name and Address Change;10;2008-07-11 16:48:00;1;NULL
932;22033;ZJDE0007;Customer Self Service Version;10;2008-07-11 16:48:00;1;NULL
933;22033;ZJDE0008;Supplier Self Service Version;10;2008-07-11 16:48:00;1;NULL
934;22033;ZJDE7001;Localization Address Book - Protected Tax ID;10;2008-07-11 16:48:00;1;NULL
935;22033;ZJDEC001;Job Address Book Revision;10;2008-07-11 16:48:00;1;NULL
936;22033;ZJDEC002;Supplier Address Book Revision;10;2008-07-11 16:48:00;1;NULL
937;22033;ZJDEC003;Customer Address Book Revision;10;2008-07-11 16:48:00;1;NULL
938;22033;ZJDEC004;Tax Authorities Address Book Revision;10;2008-07-11 16:48:00;1;NULL
939;22033;ZJDEC005;Company Address Book Revisions;10;2008-07-11 16:48:00;1;NULL
940;22034;ZJDE0001;Address Book Additional Information - Brazil;10;2008-07-11 16:48:00;1;NULL
941;22034;ZJDE7001;Address Book Additional Information - Brazil;10;2008-07-11 16:48:00;1;NULL
942;22036;ZJDE0001;Customer Name and Address Change;10;2008-07-11 16:48:00;1;NULL
943;22036;ZJDE0002;Supplier Name and Address Change;10;2008-07-11 16:48:00;1;NULL
944;22037;ZJDE0001;Quick Customer/Contact ADD;10;2008-07-11 16:48:00;1;NULL
945;22038;RIS0001;A/B Master Search;10;2008-07-11 16:48:00;1;NULL
946;22038;XJDE0001;A/B Master Search;10;2008-07-11 16:48:00;1;NULL
947;22043;ZJDE0001;Contact Management;10;2008-07-11 16:48:00;1;NULL
948;22055;RIS0001;Employee Queue Manager;10;2008-07-11 16:48:00;1;NULL
949;22055;RIS0002;Employee Work Center;10;2008-07-11 16:48:00;1;NULL
950;22055;RIS0005;Call Management;10;2008-07-11 16:48:00;1;NULL
951;22055;ZJDE0001;Employee Queue Manager;10;2008-07-11 16:48:00;1;NULL
952;22055;ZJDE0002;Work Center;10;2008-07-11 16:48:00;1;NULL
953;22055;ZJDE0003;Manage Accounts Receivable Queues;10;2008-07-11 16:48:00;1;NULL
954;22055;ZJDE0004;Manage Purchasing Queues;10;2008-07-11 16:48:00;1;NULL
955;22055;ZJDE0005;Maintenance Request Management;10;2008-07-11 16:48:00;1;NULL
956;22055;ZJDE0006;Customer Issue Entry for CSC;10;2008-07-11 16:48:00;1;NULL
957;22057;ZJDE0001;Employee Queue Manager;10;2008-07-11 16:48:00;1;NULL
958;22057;ZJDE0002;Work Center;10;2008-07-11 16:48:00;1;NULL
959;22057;ZJDE0003;Manage Accounts Receivable Queues;10;2008-07-11 16:48:00;1;NULL
960;22057;ZJDE0004;Manage Purchasing Queues;10;2008-07-11 16:48:00;1;NULL
961;22057;ZJDE0005;Maintenance Request Management;10;2008-07-11 16:48:00;1;NULL
962;22057;ZJDE0006;Customer Issue Entry for CSC;10;2008-07-11 16:48:00;1;NULL
963;22059;ZJDE0001;A/B Organizational Structure;10;2008-07-11 16:48:00;1;NULL
964;22059;ZJDE0002;A/B Organizational Structure - Workflow Data;10;2008-07-11 16:48:00;1;NULL
965;22060;ZJDE0001;Parent as Address Book Number;10;2008-07-11 16:48:00;1;NULL
966;22066;RIS0003;Employee/Supervisor Relationships;10;2008-07-11 16:48:00;1;NULL
967;22066;ZJDE0001;Workflow Group Revisions;10;2008-07-11 16:48:00;1;NULL
968;22066;ZJDE0002;Mail Distribution Lists;10;2008-07-11 16:48:00;1;NULL
969;22066;ZJDE0003;Employee/Supervisor Relationships;10;2008-07-11 16:48:00;1;NULL
970;22066;ZJDE0004;Accounts Receivable;10;2008-07-11 16:48:00;1;NULL
971;22068;RIS0001;Customer Master - Redesign;10;2008-07-11 16:48:00;1;NULL
972;22068;Z55030001;Customer Mater - Redesign;10;2008-07-11 16:48:00;1;NULL
973;22068;Z55037001;Localization Customer Master (Protected TaxId);10;2008-07-11 16:48:00;1;NULL
974;22068;ZJDE0001;Customer Master - Redesign;10;2008-07-11 16:48:00;1;NULL
975;22068;ZJDE7001;Localization Customer Master  (Protected TaxId);10;2008-07-11 16:48:00;1;NULL
976;22070;RIS0001;Speed Receipts Entry;10;2008-07-11 16:48:00;1;NULL
977;22070;RIS0002;G/L Receipts Entry;10;2008-07-11 16:48:00;1;NULL
978;22070;Z55030001;Speed Receipts Entry;10;2008-07-11 16:48:00;1;NULL
979;22070;ZJDE0001;Speed Receipts Entry;10;2008-07-11 16:48:00;1;NULL
980;22072;INTERFASE;Carga de Datos de Interfases;10;2008-07-11 16:48:00;1;NULL
981;22072;RBP0001;Servidor de CxC;10;2008-07-11 16:48:00;1;NULL
982;22072;RIS0001;Default Invoice MBF;10;2008-07-11 16:48:00;1;NULL
983;22072;RIS0002;SOP Defaults for Invoice Master Business Function;10;2008-07-11 16:48:00;1;NULL
984;22072;ZJDE0001;Default Invoice Master Business Function Options;10;2008-07-11 16:48:00;1;NULL
985;22072;ZJDE0002;SOP Defaults for Invoice Master Business Function;10;2008-07-11 16:48:00;1;NULL
986;22073;RIS0001;Invoice Interoperability Processing Options;10;2008-07-11 16:48:00;1;NULL
987;22073;ZJDE0001;Invoice Interoperability Processing Options;10;2008-07-11 16:48:00;1;NULL
988;22074;ZJDE0001;Receipt Interoperability Processing Options;10;2008-07-11 16:48:00;1;NULL
989;22076;RIS0001;Standard Receipts Entry;10;2008-07-11 16:48:00;1;NULL
990;22076;RIS0002;Standard Unapplied Receipts;10;2008-07-11 16:48:00;1;NULL
991;22076;Z55030001;Standard Receipts Entry;10;2008-07-11 16:48:00;1;NULL
992;22076;ZJDE0001;STANDARD RECEIPTS ENTRY;10;2008-07-11 16:48:00;1;VERSION ESTANDAR
993;22078;RBP0001;Version Wong;10;2008-07-11 16:48:00;1;NULL
994;22078;RIS0001;Invoice Entry;10;2008-07-11 16:48:00;1;NULL
995;22078;ZJDE0001;Invoice Entry;10;2008-07-11 16:48:00;1;NULL
996;22080;RIS0001;AR Speed Status Update version;10;2008-07-11 16:48:00;1;NULL
997;22080;Z55030001;AR Speed Status Update version;10;2008-07-11 16:48:00;1;NULL
998;22080;ZJDE0001;AR Speed Status Update version;10;2008-07-11 16:48:00;1;NULL
999;22082;RIS0001;Processing Options for Speed Invoice Entry;10;2008-07-11 16:48:00;1;NULL
1000;22082;Z55030001;Processing Options for Speed Invoice Entry;10;2008-07-11 16:48:00;1;NULL
1001;22082;ZJDE0001;Processing Options for Speed Invoice Entry;10;2008-07-11 16:48:00;1;NULL
1002;22083;Z55030001;Batch Input - Store and Forward;10;2008-07-11 16:48:00;1;NULL
1003;22083;ZJDE0001;Batch Input - Store and Forward;10;2008-07-11 16:48:00;1;NULL
1004;22086;ZJDE0001;Work With Electronic Receipts Input;10;2008-07-11 16:48:00;1;NULL
1005;22087;ZJDE0001;Electronic Receipts Journal Review;10;2008-07-11 16:48:00;1;NULL
1006;22088;ZJDE0001;Electronic Receipt Entry;10;2008-07-11 16:48:00;1;NULL
1007;22089;ZJDE0001;Revise Electronic Receipts Input Status;10;2008-07-11 16:48:00;1;NULL
1008;22095;RIS0001;Customer Ledger Inquiry;10;2008-07-11 16:48:00;1;NULL
